,,,,,,EUR,"4,40",USD,"3,7",,,,,,,,,,,,,,,,,,,,
kod,data,status,Kto_odpowiedzialny,nazwa oferty,Link,Koszty_zbiorcze,transport,Zakwaterowanie,Pilotaż,Inne,koszta stałe,Wpływy,wpływy dodatkowe,ilosc osób spodziewanych,ilość osob zakontraktowanych,realna_liczba_osób,kraj,dlugość wycieczki w dniach,cena zwykla,cena first minute,czy stacjonarna,czy przejazdowa,czy samolot,czy rejs,czy autokar,sezon,ilosc gwiazdek w hotelu,City Breaki,czy tygodniowa badz
SPL01,2018-01-26,1,MM,(ID1225) Pra Loup,,"42 427,11 zł","2 424,75 zł","18 273,20 zł","2 348,50 zł","19 380,66 zł","1 947,27 zł","32 454,50 zł","796,49 zł",50,40,,FRANCJA,10,1199,1099,1,0,0,0,1,ZIMA,0,0,1
SPL02,2018-02-02,1,MM,(ID1225) Pra Loup,,"51 028,89 zł","14 778,20 zł","17 003,80 zł","3 120,01 zł","16 126,88 zł","2 395,24 zł","39 920,72 zł","0,00 zł",50,40,,FRANCJA,10,1299,1199,1,0,0,0,1,ZIMA,0,0,1
SSV01,2018-02-09,1,IG,(ID1310) SłoweniaFerie,,"28 196,42 zł","8 728,64 zł","14 073,75 zł","1 690,00 zł","3 704,03 zł","1 483,64 zł","24 727,26 zł","297,48 zł",50,20,,SŁOWENIA,8,1499,1399,1,0,0,0,1,ZIMA,0,0,1
SHP01,2018-02-17,1,MM,(ID1321) Chopok Ferie,,"52 221,03 zł","11 284,75 zł","35 919,40 zł","0,00 zł","5 016,88 zł","1 093,98 zł","18 233,03 zł","583,84 zł",50,20,,SŁOWACJA,8,1099,899,1,0,0,0,1,ZIMA,0,0,1
STP01,2018-02-23,1,MM,(ID1235) Passo Tonale,,"95 672,84 zł","12 255,00 zł","23 973,84 zł","2 970,01 zł","56 473,99 zł","6 972,29 zł","116 204,87 zł","0,00 zł",100,90,,WŁOCHY,10,1899,1699,1,0,0,0,1,ZIMA,0,0,1
SSH02,2018-03-02,1,MM,(ID1231) Chopok Marzec,,"24 193,28 zł","4 533,00 zł","19 558,00 zł","1 690,00 zł","-1 587,72 zł","1 416,39 zł","23 606,54 zł","0,00 zł",45,30,,SŁOWACJA,8,949,899,1,0,0,0,1,ZIMA,0,0,1
SVF01,2018-03-02,1,IG,(ID1237) Val di Fiemme,,"65 629,40 zł","10 590,60 zł","52 830,80 zł","2 208,00 zł","0,00 zł","2 871,18 zł","47 852,97 zł","0,00 zł",50,34,,WŁOCHY,8,1999,1899,1,0,0,0,1,ZIMA,0,0,1
SCC01,2018-03-09,1,IG,(ID1222) Chamrousse,,"48 012,08 zł","14 766,80 zł","15 424,64 zł","2 136,00 zł","15 684,64 zł","1 312,14 zł","21 869,00 zł","0,00 zł",50,35,,FRANCJA,8,1599,1349,1,0,0,0,1,ZIMA,0,0,1
SLO01,2018-03-16,1,AK,(ID1312) Les Sybelles,https://student.travel.pl/wyjazd-socamp-les-sybelles-2018,"244 496,25 zł","60 821,23 zł","151 449,09 zł","8 080,80 zł","24 145,13 zł","15 173,04 zł","252 883,95 zł","0,00 zł",400,300,200,FRANCJA,10,1299,999,1,0,0,0,1,ZIMA,0,0,1
SUR01,2018-03-23,1,MS,(ID1329) Marzec | Ukraina | Lwów,,"3 628,12 zł","0,00 zł","3 628,12 zł","792,00 zł","-792,00 zł","0,00 zł","0,00 zł","0,00 zł",67,,,Ukraina,3,199,199,1,0,0,0,0,ZIMA,0,1,0
SOL01,2018-04-06,1,MM,(ID1240) Orelle,,"36 036,60 zł","13 505,30 zł","3 608,00 zł","2 168,40 zł","16 754,90 zł","2 215,43 zł","36 923,80 zł","1 413,83 zł",45,40,,FRANCJA,10,1299,1099,1,0,0,0,0,ZIMA,0,1,0
SLY01,2018-04-14,1,MM,(ID1232) Livigno,,"58 576,65 zł","8 082,60 zł","40 986,00 zł","4 994,00 zł","4 514,05 zł","2 886,74 zł","48 112,35 zł","0,00 zł",45,25,,WŁOCHY,7,1899,1799,1,0,0,0,0,ZIMA,0,1,0
MBT01,2018-04-27,1,MM,(ID1278) BalticTRIP | Skandynawia + Sankt Petersburg | 5 miejscówek,https://docs.google.com/spreadsheets/d/1D7Y9U8M-XY5UiGk_Uijfaab6eBXLq22_iqTTlU7SskM/edit#gid=1626993402,"46 873,47 zł","8 820,00 zł","35 006,40 zł","1 980,00 zł","1 067,07 zł","2 580,42 zł","43 007,00 zł","13 090,00 zł",25,48,,ROSJA,6,1099,899,0,1,0,1,1,WIOSNA,0,1,0
MSC01,2018-04-27,1,ŁR,(ID1303) StudentCAMP | Majówka | Grecja,https://docs.google.com/spreadsheets/d/1A-YOdy-EGkXgTOYwzFBTm9cH5elzAKzsFZdutJMGszw/edit#gid=1626993402,"268 694,28 zł","147 843,01 zł","51 514,25 zł","13 110,22 zł","56 226,80 zł","18 101,60 zł","301 693,26 zł","438,80 zł",600,401,,Grecja,10,799,499,1,0,0,0,1,WIOSNA,0,0,1
SCA01,2018-04-27,1,ŁR,(ID1280) Francja | Cannes + Nicea | Monako,https://docs.google.com/spreadsheets/d/1nWLUBcFzHLwOI-Qbvk9JAd8IdiLn5UocbRp0g_IUFhI/edit#gid=1626993402,"47 372,31 zł","18 303,40 zł","23 656,06 zł","1 889,23 zł","3 523,62 zł","2 427,49 zł","40 458,10 zł","4 329,60 zł",40,0,,Francja,10,1199,899,1,0,0,0,1,WIOSNA,3,0,1
SXL01,2018-04-27,1,MM,(ID1252) Portugalia | Eurotrip | Region Algarve 7+3,https://docs.google.com/spreadsheets/d/18whjl5ngDn0kEKEqn3Cbwe9qfKVrg8yC_L-6KLBseZE/edit#gid=1626993402,"114 615,90 zł","70 523,67 zł","35 005,30 zł","4 503,73 zł","4 583,20 zł","7 456,07 zł","124 267,80 zł","42 383,09 zł",65,109,,PORTUGALIA,10,1099,799,0,1,0,0,1,WIOSNA,3,0,1
MAP01,2018-04-28,1,MM,(ID1253) Amsterdam + Paryż,https://docs.google.com/spreadsheets/d/1EuJ83FfLQv3BsZ-GRFH2nC2Uc5EMkB2sD8P8KqXcso4/edit#gid=1626993402,"45 734,56 zł","15 010,80 zł","20 320,87 zł","2 607,80 zł","7 795,09 zł","2 441,94 zł","40 699,00 zł","4 752,00 zł",45,48,,FRANCJA,6,899,799,0,1,0,0,1,WIOSNA,0,1,0
MAS01,2018-04-28,1,IG,(ID1336) Albania | Shëngjin (All Inclusive Soft),https://docs.google.com/spreadsheets/d/1CX-LBA5Skbry9WlINWMNlmxmNwWHHO1G6N-euAZMxzk/edit#gid=1626993402,"54 767,32 zł","15 857,39 zł","36 652,00 zł","1 227,23 zł","1 030,70 zł","3 209,88 zł","53 498,00 zł","2 320,00 zł",48,48,,ALBANIA,8,899,799,1,0,0,0,1,WIOSNA,4,0,1
MBS01,2018-04-28,1,BOK,(ID1284) Kite Majówka | Półwysep Helski | Małe Morze,,"4 964,40 zł","0,00 zł","0,00 zł","0,00 zł","4 964,40 zł","335,81 zł","5 596,80 zł","0,00 zł",,0,,,,,,,,,,,,,,
MKV01,2018-04-28,1,ŁR,(ID1248) Ukraina | Kijów + Czarnobyl,,"21 510,30 zł","5 764,60 zł","5 280,00 zł","1 489,16 zł","8 976,54 zł","1 144,06 zł","19 067,60 zł","2 488,00 zł",35,0,,Ukraina,4,699,499,0,1,0,0,1,Wiosna,3,1,0
MSC02,2018-04-28,0,ŁR,(ID1303) StudentCAMP | Majówka | Grecja,,"589,51 zł","0,00 zł","0,00 zł","0,00 zł","589,51 zł","0,00 zł","0,00 zł","0,00 zł",,0,,,,,,,,,,,,,,
SAT01,2018-04-28,1,IG,(ID1315) AdriaTRIP | Słowenia + Chorwacja | NOWOŚĆ!,https://docs.google.com/spreadsheets/d/1twZa1Bz4EmgNsAHoEj-dY2jchkUZeT0aOO0UlO9CXkY/edit#gid=1626993402,"51 946,05 zł","15 774,00 zł","19 167,28 zł","2 316,00 zł","14 688,77 zł","2772,03","43 837,00 zł","20 656,24 zł",50,50,,CHORWACJA,7,849,749,0,1,0,0,1,WIOSNA,3,0,1
SCZ01,2018-04-28,1,MM,(ID1247) Czarnogóra | Budva + Dubrovnik,https://docs.google.com/spreadsheets/d/17QvpoR61SZBmW_lWOxylVq3hZZxWv7K2h_I8L-F4GnE/edit#gid=1626993402,"56 717,60 zł","15 288,00 zł","29 251,20 zł","1 620,00 zł","10 558,40 zł","2447,76","54 510,80 zł","3 278,00 zł",65,64,,Czarnogóra,9,749,599,1,0,0,0,1,WIOSNA,0,0,1
SGT01,2018-04-28,0,IG,,,"0,00 zł","0,00 zł","0,00 zł","0,00 zł","0,00 zł",0,"0,00 zł","0,00 zł",0,0,,,,,,,,,,,,,,
SIP01,2018-04-28,0,ŁR,,,"0,00 zł","0,00 zł","0,00 zł","0,00 zł","0,00 zł",0,"0,00 zł","0,00 zł",,0,,,,,,,,,,,,,,
SMJ01,2018-04-28,1,IG,(ID1249) Chorwacja | Makarska + Jeziora Plitwickie,https://docs.google.com/spreadsheets/d/1yyalPtfjkNLCWp5IHQopcnF2Uq4D15NoYnyCVoNTjfw/edit#gid=1626993402,"57 658,37 zł","28 960,00 zł","18 770,40 zł","1 522,20 zł","8 405,77 zł","2229,58","57 290,60 zł","3 194,80 zł",0,65,,CHORWACJA,9,829,729,1,0,0,0,1,WIOSNA,0,0,1
SRM01,2018-04-28,1,ŁR,(ID1250) Włochy | Rimini + Wenecja,https://docs.google.com/spreadsheets/d/1K1kHTv90MQQkX7sCKTNhb_XVR71XetB2zPuSUBvLRZ8/edit#gid=2121134962,"100 988,21 zł","31 669,50 zł","53 011,20 zł","3 726,00 zł","12 581,51 zł","6321,4","101 378,76 zł","16 761,80 zł",90,0,,WŁOCHY,9,999,699,1,,,,1,Wiosna,3,,1
SIM01,2018-04-29,1,MM,(ID1276) ItalianTRIP | 5 miejscówek,https://docs.google.com/spreadsheets/d/1lEDc-x-QvfCE0YzdO0xarxtb4FMWd4oYc9od4Fn3X8s/edit#gid=1626993402,"81 178,74 zł","32 146,80 zł","35 053,92 zł","3 094,62 zł","10 883,40 zł","5980,59","87 393,20 zł","11 718,20 zł",65,93,,WŁOCHY,7,999,799,0,1,0,0,1,WIOSNA,0,1,0
THA01,2018-04-29,1,ŁR,(ID1279) Tajlandia | ThaiTrip! #Samolot | #Majówka | 16 dni,,"120 946,02 zł","70 415,44 zł","13 124,23 zł","7 148,00 zł","30 258,35 zł",0,"77 729,00 zł","21 780,00 zł",30,0,,Tajlandia,15,4999,3999,0,1,1,0,0,Wiosna,3,,1
MBB02,2018-04-30,1,MM,(ID1297) BalticTRIP | Ryga - Sztokholm - Helsinki- Tallin,https://docs.google.com/spreadsheets/d/1uOl4vIBy7WGTjbXe5djO6AkawEYenoFAtbg03u4Vzyw/edit#gid=1626993402,"96 040,15 zł","18 434,00 zł","46 860,00 zł","3 108,00 zł","27 638,15 zł","4341,92","78 593,24 zł","26 290,00 zł",100,118,,SZWECJA,5,799,599,0,1,0,1,1,WIOSNA,0,1,0
MFJ01,2018-04-30,1,MM,(ID1274) BalticTRIP | Skandynawia | Fiordy,https://docs.google.com/spreadsheets/d/1O7Wrtnk6YinYC3zSEhbuypNAeUaOE3FVpwxOMQqigmk/edit#gid=1626993402,"41 587,18 zł","13 087,20 zł","26 272,40 zł","1 620,00 zł","607,58 zł","2111,27","38 980,00 zł","12 100,00 zł",45,46,,NORWEGIA,6,899,749,0,1,0,1,1,WIOSNA,0,1,0
SMB01,2018-04-30,1,ŁR,(ID1327) Majówka | Macedonia + Budapeszt,,"38 504,81 zł","14 750,40 zł","18 229,20 zł","1 085,60 zł","4 439,61 zł","1888,19","34 744,80 zł","0,00 zł",40,44,,Macedonia,6,799,599,0,1,0,0,1,WIOSNA,3,1,0
SPC01,2018-04-30,1,ŁR,(ID1251) Czechy | Praga,,"28 386,28 zł","12 280,80 zł","12 390,40 zł","1 840,80 zł","1 874,28 zł",1055,"33 015,10 zł","2 917,20 zł",80,0,,Czechy,4,599,399,0,1,0,0,1,WIOSNA,0,1,0
MBP01,2018-05-01,1,MM,(ID1342) BalticTRIP | Skandynawia + Sankt Petersburg | 5 miejscówek II,https://docs.google.com/spreadsheets/d/1Irp0u-dEmKlmLt4CyXHkgsyxcIF1cQFZbdzxhVnSGhE/edit#gid=1626993402,"51 262,58 zł","7 593,80 zł","41 109,20 zł","1 944,00 zł","615,58 zł","3133,09","51 873,00 zł","16 016,00 zł",45,52,,ROSJA,6,999,799,0,1,0,1,1,WIOSNA,0,1,0
MVL01,2018-05-01,1,IG,(ID1263) Ukraina | Lwów,https://docs.google.com/spreadsheets/d/1aFAcgbY7kb4c7mVnR0JKHhB6lqy9Zpv275jg71Yi7lI/edit#gid=1626993402,"8 443,40 zł","3 297,00 zł","2 957,59 zł","1 722,80 zł","466,01 zł","492,57","14 227,90 zł","1 276,44 zł",50,42,,UKRAINA,3,399,199,1,0,0,0,1,WIOSNA,0,1,0
SRO01,2018-05-01,1,IG,(ID1265) RomanianTRIP | Transylwania | 6 miejscówek,https://docs.google.com/spreadsheets/d/1BoSpRn2okOzawd88T9pmeKTPWK4gF6HmiusRB4E61uc/edit#gid=1626993402,"28 505,40 zł","13 028,40 zł","11 264,00 zł","1 824,00 zł","2 389,00 zł","1743,32","39 717,00 zł","0,00 zł",60,60,,RUMUNIA,5,599,499,0,1,0,0,1,WIOSNA,3,1,0
STG01,2018-05-01,1,IG,(ID1254) SlovenianTRIP | 6 miejscówek,https://docs.google.com/spreadsheets/d/1zSEkluhkhGQYd4YucVXchLdThM7RZerQom6CSWz45ss/edit#gid=1626993402,"28 425,59 zł","11 986,48 zł","9 790,70 zł","1 882,13 zł","4 766,28 zł","1575,54","30 652,00 zł","0,00 zł",50,50,,SŁOWENIA,5,599,449,0,1,0,0,1,WIOSNA,0,1,0
MBS02,2018-05-02,1,BOK,(ID1284) Kite Majówka | Półwysep Helski | Małe Morze,,"472,50 zł","0,00 zł","0,00 zł","0,00 zł","472,50 zł",0,"0,00 zł","0,00 zł",,0,,,,,,,,,,,,,,
SCB01,2018-05-31,1,MM,(ID1350) Boże Ciało | BalticTRIP | Ryga - Sztokholm - Helsinki - Tallin,https://docs.google.com/spreadsheets/d/1UP-2KjKbHXEaxsn7yX99Hkp6I4PMoLMp_Li0z2ShXUc/edit#gid=1792454922,"24 864,11 zł","7 925,30 zł","11 682,00 zł","2 114,56 zł","3 142,25 zł",0,"14 992,00 zł","5 654,00 zł",30,9,,SZWECJA,5,599,499,0,1,0,1,1,WIOSNA,0,1,0
SUO01,2018-06-01,1,MS,(ID1344) Czerwiec | Ukraina | Lwów,,"12 241,62 zł","4 500,00 zł","3 469,62 zł","792,00 zł","3 480,00 zł","514,13","0,00 zł","3 674,00 zł",56,45,,Ukraina,3,349,199,1,0,0,0,1,Lato,0,1,0
SGR01,2018-06-17,1,ŁR,(ID1291) Grecja | Kokkino Nero | 12 dni,https://docs.google.com/spreadsheets/d/1Itp3gsbuKTQI4A3msgFXcjStTyQnDa1oOevQxp-kao8/edit#gid=1626993402,"53 708,24 zł","13 247,10 zł","30 800,00 zł","3 331,79 zł","6 329,35 zł",0,"19 070,20 zł","5 610,00 zł",100,0,,Grecja,12,499,399,1,0,0,0,1,Lato,0,,1
BAL01,2018-06-21,1,ŁR,(ID1346) Filipiny + Indonezja |Bohol + Bali| #Samolot | 16 dni,https://docs.google.com/spreadsheets/d/1wXbyD9ilds-7ph4jYcxDtmXHAV5omY3NmHKqNi1tPrU/edit#gid=1626993402,"108 313,03 zł","78 607,85 zł","12 121,64 zł","3 600,00 zł","13 983,55 zł",0,"70 820,00 zł","8 107,37 zł",20,0,,Filipiny,16,6599,599,0,1,1,0,0,LATO,0,0,1
PHI02,2018-06-21,0,ŁR,(ID1323) Filipiny #Samolot | 16 dni,,"0,00 zł","0,00 zł","0,00 zł","0,00 zł","0,00 zł",0,"0,00 zł","0,00 zł",,0,,,,,,,,,,,,,,
SGR02,2018-06-26,0,ŁR,(ID1291) Grecja | Kokkino Nero | 12 dni,https://docs.google.com/spreadsheets/d/1Itp3gsbuKTQI4A3msgFXcjStTyQnDa1oOevQxp-kao8/edit#gid=1044686970,"4 400,00 zł","0,00 zł","4 400,00 zł","0,00 zł","0,00 zł",0,"0,00 zł","0,00 zł",40,0,,Grecja,12,899,599,1,0,0,0,1,Lato,0,,1
SCH01,2018-06-27,0,IG,(ID1257) Chorwacja | Makarska (12 dni),,"0,00 zł","0,00 zł","0,00 zł","0,00 zł","0,00 zł",0,"0,00 zł","0,00 zł",61,0,,,,,,,,,,,,,,
SVV04,2018-06-27,1,MM,(ID1290) Grecja | Korfu | Kavos #Samolot,https://docs.google.com/spreadsheets/d/1xqSJZsQSTtem_dZdmXlZ4_x5k4744KYxO92G0DhprrI/edit#gid=2121134962,"28 624,01 zł","15 719,30 zł","7 920,00 zł","2 608,00 zł","2 376,71 zł","1580,39","27 243,00 zł","2 886,40 zł",20,20,,GRECJA ,8,1699,1499,1,0,1,0,0,LATO,3,0,1
SBZ01,2018-06-29,1,ŁR,(ID1267) Bułgaria | Złote Piaski (All Inclusive | 10 dni),https://docs.google.com/spreadsheets/d/1A1LZFRn3lQEaplhVTT8_tYRraqgMXg1YAihCOhgHy58/edit#gid=1626993402,"466,51 zł","0,00 zł","0,00 zł","0,00 zł","466,51 zł",0,"44 664,54 zł","0,00 zł",50,0,,Bułgaria,10,1399,1099,1,0,0,0,1,Lato,3,,1
SBZ02,2018-06-29,1,ŁR,(ID1267) Bułgaria | Złote Piaski (All Inclusive | 10 dni),https://docs.google.com/spreadsheets/d/1A1LZFRn3lQEaplhVTT8_tYRraqgMXg1YAihCOhgHy58/edit#gid=391333091,"43 660,85 zł","9 258,00 zł","32 203,60 zł","1 704,00 zł","495,25 zł",0,"0,00 zł","88,00 zł",60,0,,Bułgaria,10,1399,1099,1,0,0,0,1,Lato,3,,1
SGK01,2018-06-29,0,MM,(ID1256) Grecja | Wyspa Korfu | Kavos (10 dni),,"0,00 zł","0,00 zł","0,00 zł","0,00 zł","0,00 zł",0,"0,00 zł","0,00 zł",60,0,,GRECJA,10,699,599,1,0,0,0,1,LATO,0,0,1
SLW01,2018-06-29,0,NN,(ID1337) Lucky Holidays! | Niespodzianka (7 - 15 dni),,"0,00 zł","0,00 zł","0,00 zł","0,00 zł","0,00 zł",0,"0,00 zł","0,00 zł",,0,,,,,,,,,,,,,,
SSE01,2018-06-29,0,IG,(ID1262) Albania | Shëngjin (All Inclusive Light | 10 dni),https://docs.google.com/spreadsheets/d/1FQ3lCfW74DwvJBE7pdGYiMXLHZLpKwP-IqHN9qzf2AY/edit#gid=1626993402,"763,69 zł","0,00 zł","0,00 zł","0,00 zł","763,69 zł",0,"0,00 zł","0,00 zł",0,0,,ALBANIA,10,,,1,0,0,0,1,LATO,4,0,1
SPO01,2018-06-30,0,MM,(ID1270) EuroTRIP | Portugalia | 6 miejscówek,,"0,00 zł","0,00 zł","0,00 zł","0,00 zł","0,00 zł",0,"0,00 zł","0,00 zł",43,0,,PORTUGALIA,15,1599,1399,0,1,0,0,1,LATO,3,0,1
SGR03,2018-07-02,0,ŁR,(ID1291) Grecja | Kokkino Nero | 12 dni,https://docs.google.com/spreadsheets/d/1Itp3gsbuKTQI4A3msgFXcjStTyQnDa1oOevQxp-kao8/edit#gid=70484913,"9 240,00 zł","0,00 zł","9 240,00 zł","0,00 zł","0,00 zł",0,"0,00 zł","0,00 zł",40,0,,Grecja,12,899,599,1,0,0,0,1,Lato,0,,1
ASP01,2018-07-03,1,ŁR,(ID1268) Bułgaria | Złote Piaski | (All inclusive) #Samolot | Gladiola,https://docs.google.com/spreadsheets/d/1NweUBGI98lOoydGVuQWoGlxL-rzhWO-apDFTMdCeyoA/edit#gid=2121134962,"54 642,11 zł","20 498,18 zł","24 182,40 zł","1 300,00 zł","8 661,53 zł","2073,81","37 424,00 zł","7 448,80 zł",40,0,,Bułgaria,7,2099,1799,1,,1,0,0,Lato,3,,1
SYY01,2018-07-03,0,MM,(ID1261) Hiszpania | Lloret de Mar (HB | 10 dni),,"82,00 zł","0,00 zł","0,00 zł","0,00 zł","82,00 zł",0,"0,00 zł","0,00 zł",45,0,,HISZPANIA,10,1599,1399,1,0,0,0,1,LATO,3,0,1
SAS01,2018-07-04,0,IG,(ID1283) Albania | Shëngjin + Ohrid (BB | 12 dni),,"0,00 zł","0,00 zł","0,00 zł","0,00 zł","0,00 zł",0,"0,00 zł","0,00 zł",0,0,,,,,,,,,,,,,,
SBU02,2018-07-04,1,MM,(ID1255) Czarnogóra | Budva + Dubrovnik (BB | 10 dni),https://docs.google.com/spreadsheets/d/1G3AdbRtMURmrMnNRby4Kpa8x3UXWCh6StT2DN889uCU/edit#gid=2121134962,"39 188,71 zł","7 304,10 zł","15 734,40 zł","2 484,00 zł","13 666,21 zł","2642,86","38 476,40 zł","14 122,20 zł",50,48,,CZARNOGÓRA,10,999,799,1,0,0,0,1,LATO,0,0,1
SSE02,2018-07-04,1,IG,(ID1262) Albania | Shëngjin (All Inclusive Light | 10 dni),https://docs.google.com/spreadsheets/d/1FQ3lCfW74DwvJBE7pdGYiMXLHZLpKwP-IqHN9qzf2AY/edit#gid=221275488,"53 402,60 zł","15 457,20 zł","29 497,60 zł","1 421,00 zł","7 026,80 zł","3118,95","47 237,00 zł","6 248,00 zł",37,37,,ALBANIA,10,1249,1149,1,0,0,0,1,LATO,4,0,1
SVV05,2018-07-04,1,MM,(ID1290) Grecja | Korfu | Kavos #Samolot,https://docs.google.com/spreadsheets/d/1xqSJZsQSTtem_dZdmXlZ4_x5k4744KYxO92G0DhprrI/edit#gid=2121134962,"29 295,37 zł","16 789,26 zł","8 140,00 zł","1 144,00 zł","3 222,11 zł","1580,39","31 235,00 zł","6 490,00 zł",20,20,,GRECJA,8,1699,1499,1,0,1,0,0,LATO,3,0,1
SBB01,2018-07-05,1,MM,(ID1292) Czarnogóra | Budva #Samolot,https://docs.google.com/spreadsheets/d/1S1gPOsto5z_-lwEUQqkGoUOfcR0SYlMCnsRp3P0A8JE/edit#gid=1805198381,"33 111,64 zł","15 692,52 zł","15 215,20 zł","1 144,00 zł","1 059,92 zł","2011,35","33 918,00 zł","8 324,80 zł",20,20,,CZAROGÓRA,8,1899,1699,1,0,1,0,0,LATO,3,0,1
SSA01,2018-07-05,1,IG,(ID1273) Albania | Shëngjin (All Inclusive Light) | #Samolot,https://docs.google.com/spreadsheets/d/116pjE41WwJifq1h2gRRzt1JSXDBe9ZRXhAvaScgDhfg/edit#gid=1626993402,"35 075,02 zł","15 231,80 zł","17 072,00 zł","1 039,50 zł","1 731,72 zł","2041,93","39 325,00 zł","444,40 zł",20,20,,ALBANIA,8,2199,1999,1,0,1,0,0,LATO,4,0,1
SBZ03,2018-07-06,1,ŁR,(ID1267) Bułgaria | Złote Piaski (All Inclusive | 10 dni),https://docs.google.com/spreadsheets/d/1A1LZFRn3lQEaplhVTT8_tYRraqgMXg1YAihCOhgHy58/edit#gid=817457798,"86 542,64 zł","19 045,60 zł","64 741,60 zł","1 603,00 zł","1 152,44 zł",0,"104 726,90 zł","176,00 zł",60,0,,Bułgaria,10,1399,1099,1,0,0,0,1,Lato,3,,1
SCH02,2018-07-06,1,IG,(ID1257) Chorwacja | Makarska (12 dni),https://docs.google.com/spreadsheets/d/10hR0Xf13yTY_Bl2iWIBYv8YzD2xYJ-qpcfY99p-1KEc/edit#gid=24101327,"49 687,37 zł","9 456,00 zł","35 429,68 zł","2 856,00 zł","1 945,69 zł","2412,05","48 636,00 zł","0,00 zł",50,50,,CHORWACJA,12,1099,999,1,0,0,0,1,LATO,0,0,1
SGK02,2018-07-06,1,MM,(ID1256) Grecja | Wyspa Korfu | Kavos (10 dni),https://docs.google.com/spreadsheets/d/1OPNWg-dq3-IzSvgR2szOPiCEfW9Wjz4W5gxfZdqqIt8/edit#gid=2121134962,"40 575,50 zł","18 268,80 zł","3 207,60 zł","1 179,50 zł","17 919,60 zł","2782,81","33 451,00 zł","27 896,96 zł",60,60,,GRECJA,10,799,699,1,0,0,0,1,LATO,0,0,1
SLW02,2018-07-06,0,,(ID1337) Lucky Holidays! | Niespodzianka (7 - 15 dni),,"0,00 zł","0,00 zł","0,00 zł","0,00 zł","0,00 zł",0,"0,00 zł","0,00 zł",,0,,,,,,,,,,,,,,
SEP02,2018-07-07,0,MM,(ID1295) EuroTRIP | Portugalia | Peniche | 6 miejscówek,,"3 036,00 zł","0,00 zł","3 036,00 zł","0,00 zł","0,00 zł",0,"0,00 zł","0,00 zł",45,0,,PORTUGALIA,12,1499,1299,0,1,0,0,1,LATO,0,0,1
SPO02,2018-07-07,1,MM,(ID1270) EuroTRIP | Portugalia | 6 miejscówek,https://docs.google.com/spreadsheets/d/1BJEY54DD17VBRmVqen3r_Umq9Jirs7-z9GAKiy0a7ws/edit#gid=1626993402,"95 645,94 zł","23 242,70 zł","60 341,16 zł","3 912,00 zł","8 150,08 zł","5263,27","66 485,10 zł","32 934,00 zł",43,43,,PORTUGALIA,15,1599,1499,0,1,0,0,1,LATO,3,0,1
SGR04,2018-07-09,0,ŁR,(ID1291) Grecja | Kokkino Nero | 12 dni,https://docs.google.com/spreadsheets/d/1Itp3gsbuKTQI4A3msgFXcjStTyQnDa1oOevQxp-kao8/edit#gid=63726863,"7 040,00 zł","0,00 zł","7 040,00 zł","0,00 zł","0,00 zł",0,"0,00 zł","0,00 zł",40,0,,Grecja,12,899,599,1,0,0,0,1,Lato,0,,1
ASP02,2018-07-10,1,ŁR,(ID1268) Bułgaria | Złote Piaski | (All inclusive) #Samolot | Gladiola,https://docs.google.com/spreadsheets/d/1NweUBGI98lOoydGVuQWoGlxL-rzhWO-apDFTMdCeyoA/edit#gid=2121134962,"58 780,30 zł","28 198,18 zł","28 996,00 zł","1 300,00 zł","286,12 zł","2955,8","47 918,40 zł","12 936,00 zł",40,0,,Bułgaria,7,2099,1799,1,,1,0,0,Lato,3,,1
SYY02,2018-07-10,1,MM,(ID1261) Hiszpania | Lloret de Mar (HB | 10 dni),https://docs.google.com/spreadsheets/d/1mrluCtNuEAe6WiDIHPt9yIysAQfAVW8CBgkO2tw7osA/edit#gid=2121134962,"82 300,53 zł","20 816,19 zł","52 412,80 zł","1 480,50 zł","7 591,04 zł","4082,4","67 446,00 zł","37 096,09 zł",45,44,,HISZPANIA,10,1599,1399,1,0,0,0,1,LATO,3,0,1
SAS02,2018-07-11,0,IG,(ID1283) Albania | Shëngjin + Ohrid (BB | 12 dni),,"0,00 zł","0,00 zł","0,00 zł","0,00 zł","0,00 zł",0,"0,00 zł","0,00 zł",,0,,,,,,,,,,,,,,
SBU03,2018-07-11,1,MM,(ID1255) Czarnogóra | Budva + Dubrovnik (BB | 10 dni),https://docs.google.com/spreadsheets/d/1G3AdbRtMURmrMnNRby4Kpa8x3UXWCh6StT2DN889uCU/edit#gid=2121134962,"39 537,16 zł","11 844,00 zł","9 350,00 zł","2 456,50 zł","15 886,66 zł","2642,86","56 124,00 zł","16 922,00 zł",50,48,,CZARNOGÓRA,10,999,799,1,0,0,0,1,LATO,0,0,1
SSE03,2018-07-11,0,IG,(ID1262) Albania | Shëngjin (All Inclusive Light | 10 dni),https://docs.google.com/spreadsheets/d/1FQ3lCfW74DwvJBE7pdGYiMXLHZLpKwP-IqHN9qzf2AY/edit#gid=95364099,"0,00 zł","0,00 zł","0,00 zł","0,00 zł","0,00 zł",0,"0,00 zł","0,00 zł",0,0,,ALBANIA,10,,,1,0,0,0,1,LATO,4,0,1
SVV06,2018-07-11,1,MM,(ID1290) Grecja | Korfu | Kavos #Samolot,https://docs.google.com/spreadsheets/d/1xqSJZsQSTtem_dZdmXlZ4_x5k4744KYxO92G0DhprrI/edit#gid=2121134962,"29 592,14 zł","15 909,26 zł","8 140,00 zł","1 144,00 zł","4 398,88 zł","1505,89","33 272,00 zł","5 126,00 zł",20,20,,GRECJA ,8,1699,1499,1,0,1,0,0,LATO,3,0,1
SBB02,2018-07-12,1,MM,(ID1292) Czarnogóra | Budva #Samolot,https://docs.google.com/spreadsheets/d/1S1gPOsto5z_-lwEUQqkGoUOfcR0SYlMCnsRp3P0A8JE/edit#gid=1805198381,"32 098,47 zł","14 396,27 zł","15 215,20 zł","1 144,00 zł","1 343,00 zł","2011,35","24 406,00 zł","0,00 zł",20,20,,CZAROGÓRA,8,1899,1699,1,0,1,0,0,LATO,3,0,1
SLS01,2018-07-12,1,MM,(ID1287) Hiszpania | Lloret de Mar #Samolot,https://docs.google.com/spreadsheets/d/1tIpL-35ubjH4PqQrsF7x3jJrz4EVHuqDD6Zh_3N261U/edit#gid=1626993402,"30 923,92 zł","11 527,20 zł","17 177,60 zł","1 001,00 zł","1 218,12 zł","2740,51","30 775,00 zł","0,00 zł",20,26,,HISZPANIA,8,2399,2199,1,0,1,0,0,LATO,3,0,1
SSA02,2018-07-12,1,IG,(ID1273) Albania | Shëngjin (All Inclusive Light) | #Samolot,https://docs.google.com/spreadsheets/d/116pjE41WwJifq1h2gRRzt1JSXDBe9ZRXhAvaScgDhfg/edit#gid=1626993402,"34 699,43 zł","13 670,00 zł","19 773,60 zł","910,00 zł","345,83 zł","2041,93","42 142,00 zł","343,20 zł",20,20,,ALBANIA,8,2199,1999,1,0,1,0,0,LATO,4,0,1
SBZ04,2018-07-13,1,ŁR,(ID1267) Bułgaria | Złote Piaski (All Inclusive | 10 dni),https://docs.google.com/spreadsheets/d/1A1LZFRn3lQEaplhVTT8_tYRraqgMXg1YAihCOhgHy58/edit#gid=733438870,"142 933,71 zł","26 490,98 zł","112 512,40 zł","1 776,00 zł","2 154,33 zł",0,"172 052,55 zł","0,00 zł",130,0,,Bułgaria,10,1399,1099,1,0,0,0,1,Lato,3,,1
SGK03,2018-07-13,1,MM,(ID1256) Grecja | Wyspa Korfu | Kavos (10 dni),https://docs.google.com/spreadsheets/d/1OPNWg-dq3-IzSvgR2szOPiCEfW9Wjz4W5gxfZdqqIt8/edit#gid=2121134962,"40 873,04 zł","18 475,60 zł","10 824,00 zł","1 144,00 zł","10 429,44 zł","2782,81","33 326,00 zł","15 212,56 zł",60,60,,GRECJA,10,799,699,1,0,0,0,1,LATO,0,0,1
SLW03,2018-07-13,0,,(ID1337) Lucky Holidays! | Niespodzianka (7 - 15 dni),,"0,00 zł","0,00 zł","0,00 zł","0,00 zł","0,00 zł",0,"0,00 zł","0,00 zł",,0,,,,,,,,,,,,,,
SPO03,2018-07-14,1,MM,(ID1270) EuroTRIP | Portugalia | 6 miejscówek,https://docs.google.com/spreadsheets/d/1BJEY54DD17VBRmVqen3r_Umq9Jirs7-z9GAKiy0a7ws/edit#gid=1626993402,"71 597,88 zł","10 000,00 zł","50 291,12 zł","5 200,00 zł","6 106,76 zł","5263,27","52 759,20 zł","28 915,92 zł",43,43,,PORTUGALIA,15,1699,1599,0,1,0,0,1,LATO,3,0,1
SRI01,2018-07-14,1,ŁR,(ID1258) Włochy | Rimini + Wenecja (HB | 10 dni),https://docs.google.com/spreadsheets/d/1o0hKe1KuI54aJN4-yn9ZnhP4dFi4J_ZbJ1A8THZ443o/edit#gid=1626993402,"132 656,16 zł","46 533,31 zł","68 574,00 zł","5 095,50 zł","12 453,35 zł",0,"40 852,25 zł","9 592,00 zł",40,0,,Włochy,10,1299,999,1,,,,1,Lato,3,,1
SCH03,2018-07-15,1,IG,(ID1257) Chorwacja | Makarska (12 dni),https://docs.google.com/spreadsheets/d/10hR0Xf13yTY_Bl2iWIBYv8YzD2xYJ-qpcfY99p-1KEc/edit#gid=552527898,"100 561,49 zł","19 816,00 zł","59 298,80 zł","4 294,50 zł","17 152,19 zł","4515,4","111 161,20 zł","316,80 zł",94,90,,CHORWACJA,12,1099,999,1,0,0,0,1,LATO,0,0,1
ASP03,2018-07-17,1,ŁR,(ID1268) Bułgaria | Złote Piaski | (All inclusive) #Samolot | Gladiola,https://docs.google.com/spreadsheets/d/1NweUBGI98lOoydGVuQWoGlxL-rzhWO-apDFTMdCeyoA/edit#gid=2121134962,"59 222,78 zł","27 498,18 zł","30 113,60 zł","1 300,00 zł","311,00 zł","2073,81","54 177,00 zł","19 800,00 zł",40,0,,Bułgaria,7,2099,1799,1,,1,0,0,Lato,3,,1
SYY03,2018-07-17,0,MM,(ID1261) Hiszpania | Lloret de Mar (HB | 10 dni),,"9 916,60 zł","9 916,60 zł","0,00 zł","0,00 zł","0,00 zł","4483,78","0,00 zł","0,00 zł",45,44,,HISZPANIA,10,1599,1399,1,0,0,0,1,LATO,3,0,1
SAS03,2018-07-18,0,IG,(ID1283) Albania | Shëngjin + Ohrid (BB | 12 dni),,"0,00 zł","0,00 zł","0,00 zł","0,00 zł","0,00 zł",0,"0,00 zł","0,00 zł",,0,,,,,,,,,,,,,,
SBU04,2018-07-18,1,MM,(ID1255) Czarnogóra | Budva + Dubrovnik (BB | 10 dni),https://docs.google.com/spreadsheets/d/1G3AdbRtMURmrMnNRby4Kpa8x3UXWCh6StT2DN889uCU/edit#gid=2121134962,"55 012,09 zł","9 742,14 zł","20 504,00 zł","1 680,00 zł","23 085,95 zł","2642,86","51 862,50 zł","18 635,40 zł",50,48,,CZARNOGÓRA,10,999,799,1,0,0,0,1,LATO,0,0,1
SGR05,2018-07-18,1,ŁR,(ID1291) Grecja | Kokkino Nero | 12 dni,https://docs.google.com/spreadsheets/d/1Itp3gsbuKTQI4A3msgFXcjStTyQnDa1oOevQxp-kao8/edit#gid=2121134962,"41 121,45 zł","9 960,00 zł","12 474,00 zł","2 779,00 zł","15 908,45 zł","2218,22","33 675,80 zł","13 046,00 zł",40,52,,Grecja,12,899,599,1,0,0,0,1,Lato,0,,1
SNU04,2018-07-18,0,IG,(ID1289) Bośnia | Neum + Dubrownik (HB | 10 dni) NOWOŚĆ!,,"0,00 zł","0,00 zł","0,00 zł","0,00 zł","0,00 zł",0,"0,00 zł","0,00 zł",,0,,,,,,,,,,,,,,
SSE04,2018-07-18,1,IG,(ID1262) Albania | Shëngjin (All Inclusive Light | 10 dni),https://docs.google.com/spreadsheets/d/1FQ3lCfW74DwvJBE7pdGYiMXLHZLpKwP-IqHN9qzf2AY/edit#gid=2121134962,"44 211,00 zł","10 736,00 zł","31 878,00 zł","1 421,00 zł","176,00 zł","3378,14","57 014,60 zł","924,00 zł",42,48,,ALBANIA,10,1249,1149,1,0,0,0,1,LATO,4,0,1
SVV07,2018-07-18,1,MM,(ID1290) Grecja | Korfu | Kavos #Samolot,https://docs.google.com/spreadsheets/d/1xqSJZsQSTtem_dZdmXlZ4_x5k4744KYxO92G0DhprrI/edit#gid=2121134962,"35 179,26 zł","17 669,26 zł","8 140,00 zł","1 144,00 zł","8 226,00 zł","1505,89","33 434,00 zł","10 428,00 zł",20,20,,GRECJA,8,1699,1499,1,0,1,0,0,LATO,3,0,1
SBB03,2018-07-19,1,MM,(ID1292) Czarnogóra | Budva #Samolot,https://docs.google.com/spreadsheets/d/1S1gPOsto5z_-lwEUQqkGoUOfcR0SYlMCnsRp3P0A8JE/edit#gid=1805198381,"30 652,80 zł","14 060,12 zł","15 215,20 zł","1 144,00 zł","233,48 zł","2011,35","34 361,00 zł","0,00 zł",20,20,,CZAROGÓRA,8,1899,1699,1,0,1,0,0,LATO,3,0,1
SLS02,2018-07-19,0,MM,(ID1287) Hiszpania | Lloret de Mar #Samolot,,"0,00 zł","0,00 zł","0,00 zł","0,00 zł","0,00 zł","1640,04","0,00 zł","0,00 zł",20,13,,HISZPANIA,8,2399,2199,1,0,1,0,0,LATO,3,0,1
SSA03,2018-07-19,1,IG,(ID1273) Albania | Shëngjin (All Inclusive Light) | #Samolot,https://docs.google.com/spreadsheets/d/116pjE41WwJifq1h2gRRzt1JSXDBe9ZRXhAvaScgDhfg/edit#gid=1626993402,"30 738,20 zł","14 626,24 zł","15 030,40 zł","759,50 zł","322,06 zł","2041,93","35 880,00 zł","334,40 zł",20,20,,ALBANIA,8,2199,1999,1,0,1,0,0,LATO,4,0,1
SBL01,2018-07-20,1,MM,(ID1272) BalticTRIP | Skandynawia + Sankt Petersburg | 5 miejscówek,https://docs.google.com/spreadsheets/d/1KckZ7G-meBrofFajgjcmIGIJ3nraH84RenwoGyQ5-mk/edit#gid=216519208,"24 748,30 zł","6 045,10 zł","16 491,20 zł","1 980,00 zł","232,00 zł","2960,67","15 638,05 zł","10 201,18 zł",40,44,,SZWECJA,6,799,549,0,1,0,1,1,LATO,0,0,1
SBZ05,2018-07-20,1,ŁR,(ID1267) Bułgaria | Złote Piaski (All Inclusive | 10 dni),https://docs.google.com/spreadsheets/d/1A1LZFRn3lQEaplhVTT8_tYRraqgMXg1YAihCOhgHy58/edit#gid=2091249712,"159 716,47 zł","30 775,50 zł","119 411,60 zł","2 359,00 zł","7 170,37 zł",0,"184 833,65 zł","5 412,80 zł",130,0,,Bułgaria,10,1399,1099,1,0,0,0,1,Lato,3,,1
SCN01,2018-07-20,0,ŁR,(ID1313) Francja | Cannes (10 dni),,"0,00 zł","0,00 zł","0,00 zł","0,00 zł","0,00 zł",0,"0,00 zł","0,00 zł",,0,,,,,,,,,,,,,,
SGK04,2018-07-20,1,MM,(ID1256) Grecja | Wyspa Korfu | Kavos (10 dni),https://docs.google.com/spreadsheets/d/1OPNWg-dq3-IzSvgR2szOPiCEfW9Wjz4W5gxfZdqqIt8/edit#gid=2121134962,"57 144,32 zł","22 598,52 zł","17 727,60 zł","3 784,50 zł","13 033,70 zł","2834,6","46 784,00 zł","18 775,24 zł",60,60,,GRECJA,10,899,799,1,0,0,0,1,LATO,0,0,1
SLW04,2018-07-20,0,,(ID1337) Lucky Holidays! | Niespodzianka (7 - 15 dni),,"0,00 zł","0,00 zł","0,00 zł","0,00 zł","0,00 zł",0,"0,00 zł","0,00 zł",,0,,,,,,,,,,,,,,
SPO04,2018-07-21,1,MM,(ID1270) EuroTRIP | Portugalia | 6 miejscówek,https://docs.google.com/spreadsheets/d/1BJEY54DD17VBRmVqen3r_Umq9Jirs7-z9GAKiy0a7ws/edit#gid=1626993402,"88 338,36 zł","33 704,26 zł","42 664,60 zł","4 709,50 zł","7 260,00 zł","5263,27","57 524,80 zł","31 714,32 zł",43,43,,PORTUGALIA,15,1799,1699,0,1,0,0,1,LATO,3,0,1
SRI02,2018-07-21,1,ŁR,(ID1258) Włochy | Rimini + Wenecja (HB | 10 dni),https://docs.google.com/spreadsheets/d/1o0hKe1KuI54aJN4-yn9ZnhP4dFi4J_ZbJ1A8THZ443o/edit#gid=1626993402,"52 799,71 zł","0,00 zł","37 545,20 zł","1 524,00 zł","13 730,51 zł",0,"64 106,00 zł","19 828,00 zł",40,0,,Włochy,10,1299,999,1,,,,1,Lato,3,,1
SFL01,2018-07-22,1,ŁR,(ID1306) Włochy | Rimini (HB) | #Samolot,https://docs.google.com/spreadsheets/d/1ChVutisQIqRxc2ofMaRzDtla06RaAcKkZ8wZiymPIJg/edit#gid=2121134962,"24 033,47 zł","10 469,60 zł","9 917,60 zł","1 754,78 zł","1 891,49 zł",0,"25 170,00 zł","0,00 zł",10,0,,Włochy,7,1999,1699,1,,1,,,Lato,3,,1
ASP04,2018-07-24,1,ŁR,(ID1268) Bułgaria | Złote Piaski | (All inclusive) #Samolot | Gladiola,https://docs.google.com/spreadsheets/d/1NweUBGI98lOoydGVuQWoGlxL-rzhWO-apDFTMdCeyoA/edit#gid=2121134962,"73 502,78 zł","27 797,18 zł","44 800,80 zł","904,80 zł","0,00 zł","3712,48","0,00 zł","19 118,00 zł",40,0,,Bułgaria,7,2099,1799,1,,1,0,0,Lato,3,,1
SCH04,2018-07-24,1,IG,(ID1257) Chorwacja | Makarska (12 dni),https://docs.google.com/spreadsheets/d/10hR0Xf13yTY_Bl2iWIBYv8YzD2xYJ-qpcfY99p-1KEc/edit#gid=773222901,"106 282,80 zł","22 268,00 zł","59 435,20 zł","7 154,00 zł","17 425,60 zł","4515,4","105 981,00 zł","15 587,00 zł",94,90,,CHORWACJA,12,1099,999,1,0,0,0,1,LATO,0,0,1
SYY04,2018-07-24,0,MM,(ID1261) Hiszpania | Lloret de Mar (HB | 10 dni),,"0,00 zł","0,00 zł","0,00 zł","0,00 zł","0,00 zł","4483,78","0,00 zł","0,00 zł",45,44,,HISZPANIA,10,1699,1599,1,0,0,0,1,LATO,3,0,1
SAS04,2018-07-25,0,IG,(ID1283) Albania | Shëngjin + Ohrid (BB | 12 dni),,"0,00 zł","0,00 zł","0,00 zł","0,00 zł","0,00 zł",0,"0,00 zł","0,00 zł",,0,,,,,,,,,,,,,,
SBU05,2018-07-25,1,MM,(ID1255) Czarnogóra | Budva + Dubrovnik (BB | 10 dni),https://docs.google.com/spreadsheets/d/1G3AdbRtMURmrMnNRby4Kpa8x3UXWCh6StT2DN889uCU/edit#gid=2121134962,"58 963,50 zł","12 317,50 zł","25 405,60 zł","1 421,00 zł","19 819,40 zł","2642,86","61 097,55 zł","17 254,40 zł",50,48,,CZARNOGÓRA,10,999,899,1,0,0,0,1,LATO,0,0,1
SNU05,2018-07-25,0,IG,(ID1289) Bośnia | Neum + Dubrownik (HB | 10 dni) NOWOŚĆ!,,"0,00 zł","0,00 zł","0,00 zł","0,00 zł","0,00 zł",0,"0,00 zł","0,00 zł",,0,,,,,,,,,,,,,,
SSE05,2018-07-25,1,IG,(ID1262) Albania | Shëngjin (All Inclusive Light | 10 dni),https://docs.google.com/spreadsheets/d/1FQ3lCfW74DwvJBE7pdGYiMXLHZLpKwP-IqHN9qzf2AY/edit#gid=1897107618,"52 254,77 zł","12 332,00 zł","36 119,60 zł","1 416,00 zł","2 387,17 zł","3378,14","64 806,30 zł","1 020,80 zł",47,48,,ALBANIA,10,1249,1149,1,0,0,0,1,LATO,4,0,1
SVV08,2018-07-25,1,MM,(ID1290) Grecja | Korfu | Kavos #Samolot,https://docs.google.com/spreadsheets/d/1xqSJZsQSTtem_dZdmXlZ4_x5k4744KYxO92G0DhprrI/edit#gid=2121134962,"28 611,72 zł","15 909,26 zł","9 746,00 zł","1 514,50 zł","1 441,96 zł","1505,89","33 534,25 zł","704,00 zł",20,20,,GRECJA ,8,1699,1499,1,0,1,0,0,LATO,3,0,1
SBB04,2018-07-26,1,MM,(ID1292) Czarnogóra | Budva #Samolot,https://docs.google.com/spreadsheets/d/1S1gPOsto5z_-lwEUQqkGoUOfcR0SYlMCnsRp3P0A8JE/edit#gid=1805198381,"30 586,08 zł","14 042,52 zł","15 215,20 zł","1 092,00 zł","236,36 zł","2011,35","400 958,23 zł","550,00 zł",20,20,,CZAROGÓRA,8,1899,1699,1,0,1,0,0,LATO,3,0,1
SLS03,2018-07-26,0,MM,(ID1287) Hiszpania | Lloret de Mar #Samolot,,"0,00 zł","0,00 zł","0,00 zł","0,00 zł","0,00 zł",0,"0,00 zł","0,00 zł",20,0,,HISZPANIA,8,2399,2199,1,0,1,0,0,LATO,3,0,1
SSA04,2018-07-26,1,IG,(ID1273) Albania | Shëngjin (All Inclusive Light) | #Samolot,https://docs.google.com/spreadsheets/d/116pjE41WwJifq1h2gRRzt1JSXDBe9ZRXhAvaScgDhfg/edit#gid=1626993402,"32 876,57 zł","14 626,24 zł","17 996,00 zł","1 008,00 zł","-753,67 zł","2041,93","36 145,00 zł","677,60 zł",20,20,,ALBANIA,8,2199,1999,1,0,1,0,0,LATO,4,0,1
SBZ06,2018-07-27,1,ŁR,(ID1267) Bułgaria | Złote Piaski (All Inclusive | 10 dni),https://docs.google.com/spreadsheets/d/1A1LZFRn3lQEaplhVTT8_tYRraqgMXg1YAihCOhgHy58/edit#gid=391333091,"127 721,84 zł","29 944,75 zł","93 478,00 zł","2 359,00 zł","1 940,09 zł",0,"160 081,20 zł","88,00 zł",130,0,,Bułgaria,10,1399,1099,1,0,0,0,1,Lato,3,,1
SCN02,2018-07-27,0,ŁR,(ID1313) Francja | Cannes (10 dni),,"0,00 zł","0,00 zł","0,00 zł","0,00 zł","0,00 zł",0,"0,00 zł","0,00 zł",,0,,,,,,,,,,,,,,
SGK05,2018-07-27,1,MM,(ID1256) Grecja | Wyspa Korfu | Kavos (10 dni),https://docs.google.com/spreadsheets/d/1OPNWg-dq3-IzSvgR2szOPiCEfW9Wjz4W5gxfZdqqIt8/edit#gid=2121134962,"62 158,73 zł","21 385,08 zł","19 404,00 zł","5 853,50 zł","15 516,15 zł","2834,6","60 272,80 zł","24 844,16 zł",60,60,,GRECJA,10,899,799,1,0,0,0,1,LATO,0,0,1
SGR06,2018-07-27,1,ŁR,(ID1291) Grecja | Kokkino Nero | 12 dni,https://docs.google.com/spreadsheets/d/1Itp3gsbuKTQI4A3msgFXcjStTyQnDa1oOevQxp-kao8/edit#gid=2121134962,"30 206,56 zł","13 694,00 zł","10 010,00 zł","3 895,50 zł","2 607,06 zł","2218,22","32 481,70 zł","3 269,20 zł",40,52,,Grecja,12,899,599,1,0,0,0,1,Lato,0,,1
SLW05,2018-07-27,0,,(ID1337) Lucky Holidays! | Niespodzianka (7 - 15 dni),,"0,00 zł","0,00 zł","0,00 zł","0,00 zł","0,00 zł",0,"0,00 zł","0,00 zł",,0,,,,,,,,,,,,,,
SPO05,2018-07-28,1,MM,(ID1270) EuroTRIP | Portugalia | 6 miejscówek,https://docs.google.com/spreadsheets/d/1BJEY54DD17VBRmVqen3r_Umq9Jirs7-z9GAKiy0a7ws/edit#gid=1626993402,"90 548,67 zł","43 410,90 zł","43 435,44 zł","3 528,00 zł","174,33 zł","5613,1","60 726,60 zł","36 640,16 zł",43,43,,PORTUGALIA,15,1799,1699,0,1,0,0,1,LATO,3,0,1
SRI03,2018-07-28,1,ŁR,(ID1258) Włochy | Rimini + Wenecja (HB | 10 dni),https://docs.google.com/spreadsheets/d/1o0hKe1KuI54aJN4-yn9ZnhP4dFi4J_ZbJ1A8THZ443o/edit#gid=1626993402,"50 296,80 zł","13 083,10 zł","28 336,00 zł","1 270,50 zł","7 607,20 zł",0,"54 424,80 zł","6 661,60 zł",40,0,,Włochy,10,1499,1199,1,,,,1,Lato,3,,1
SFL02,2018-07-29,1,ŁR,(ID1306) Włochy | Rimini (HB) | #Samolot,https://docs.google.com/spreadsheets/d/1ChVutisQIqRxc2ofMaRzDtla06RaAcKkZ8wZiymPIJg/edit#gid=2121134962,"26 529,27 zł","13 174,80 zł","11 334,40 zł","1 754,78 zł","265,29 zł",0,"30 964,00 zł","0,00 zł",10,0,,Włochy,7,1999,1699,1,,1,,,Lato,3,,1
ASP05,2018-07-31,1,ŁR,(ID1268) Bułgaria | Złote Piaski | (All inclusive) #Samolot | Gladiola,https://docs.google.com/spreadsheets/d/1NweUBGI98lOoydGVuQWoGlxL-rzhWO-apDFTMdCeyoA/edit#gid=2121134962,"65 860,51 zł","27 498,18 zł","37 059,44 zł","904,80 zł","398,09 zł","3712,48","69 393,00 zł","0,00 zł",40,0,,Bułgaria,7,2099,1799,1,,1,0,0,Lato,3,,1
SYY05,2018-07-31,0,MM,(ID1261) Hiszpania | Lloret de Mar (HB | 10 dni),,"10 653,70 zł","10 653,70 zł","0,00 zł","0,00 zł","0,00 zł","4483,78","0,00 zł","0,00 zł",45,44,,HISZPANIA,10,1699,1599,1,0,0,0,1,LATO,3,0,1
SAS05,2018-08-01,0,IG,(ID1283) Albania | Shëngjin + Ohrid (BB | 12 dni),,"0,00 zł","0,00 zł","0,00 zł","0,00 zł","0,00 zł",0,"0,00 zł","0,00 zł",,0,,,,,,,,,,,,,,
SBU06,2018-08-01,1,MM,(ID1255) Czarnogóra | Budva + Dubrovnik (BB | 10 dni),https://docs.google.com/spreadsheets/d/1G3AdbRtMURmrMnNRby4Kpa8x3UXWCh6StT2DN889uCU/edit#gid=2121134962,"65 222,62 zł","13 987,14 zł","24 112,00 zł","1 179,50 zł","25 943,98 zł","2642,86","47 033,00 zł","21 178,40 zł",50,48,,CZARNOGÓRA,10,999,899,1,0,0,0,1,LATO,0,0,1
SNU06,2018-08-01,0,IG,(ID1289) Bośnia | Neum + Dubrownik (HB | 10 dni) NOWOŚĆ!,,"730,86 zł","0,00 zł","0,00 zł","0,00 zł","730,86 zł",0,"0,00 zł","0,00 zł",,0,,,,,,,,,,,,,,
SSE06,2018-08-01,1,IG,(ID1262) Albania | Shëngjin (All Inclusive Light | 10 dni),https://docs.google.com/spreadsheets/d/1FQ3lCfW74DwvJBE7pdGYiMXLHZLpKwP-IqHN9qzf2AY/edit#gid=2088416783,"61 720,06 zł","12 324,00 zł","37 598,00 zł","1 120,00 zł","10 678,06 zł","3378,14","59 505,00 zł","20 042,00 zł",47,48,,ALBANIA,10,1249,1149,1,0,0,0,1,LATO,4,0,1
SVV09,2018-08-01,1,MM,(ID1290) Grecja | Korfu | Kavos #Samolot,https://docs.google.com/spreadsheets/d/1xqSJZsQSTtem_dZdmXlZ4_x5k4744KYxO92G0DhprrI/edit#gid=2121134962,"31 133,46 zł","15 795,06 zł","6 666,00 zł","1 014,00 zł","7 658,40 zł","1505,89","36 516,20 zł","6 776,00 zł",20,20,,GRECJA,8,1699,1499,1,0,1,0,0,LATO,3,0,1
SBB05,2018-08-02,1,MM,(ID1292) Czarnogóra | Budva #Samolot,https://docs.google.com/spreadsheets/d/1S1gPOsto5z_-lwEUQqkGoUOfcR0SYlMCnsRp3P0A8JE/edit#gid=1805198381,"30 789,72 zł","14 482,52 zł","15 215,20 zł","1 092,00 zł","0,00 zł","2011,35","40 760,00 zł","0,00 zł",20,20,,CZAROGÓRA,8,1899,1699,1,0,1,0,0,LATO,3,0,1
SCH05,2018-08-02,1,IG,(ID1257) Chorwacja | Makarska (12 dni),https://docs.google.com/spreadsheets/d/10hR0Xf13yTY_Bl2iWIBYv8YzD2xYJ-qpcfY99p-1KEc/edit#gid=888610793,"89 878,30 zł","21 924,00 zł","59 144,80 zł","3 419,50 zł","5 390,00 zł","4720,36","108 422,50 zł","8 118,00 zł",94,97,,CHORWACJA,12,1099,999,1,0,0,0,1,LATO,0,0,1
SLS04,2018-08-02,0,MM,(ID1287) Hiszpania | Lloret de Mar #Samolot,,"0,00 zł","0,00 zł","0,00 zł","0,00 zł","0,00 zł",0,"0,00 zł","0,00 zł",20,0,,HISZPANIA,8,2399,2199,1,0,1,0,0,LATO,3,0,1
SSA05,2018-08-02,1,IG,(ID1273) Albania | Shëngjin (All Inclusive Light) | #Samolot,https://docs.google.com/spreadsheets/d/116pjE41WwJifq1h2gRRzt1JSXDBe9ZRXhAvaScgDhfg/edit#gid=1626993402,"34 536,64 zł","15 330,24 zł","17 564,80 zł","1 008,00 zł","633,60 zł","2041,93","39 346,00 zł","3 960,00 zł",20,20,,ALBANIA,8,2199,1999,1,0,1,0,0,LATO,4,0,1
SXD01,2018-08-02,0,ŁR,(ID1354) ZEA | Dubaj #Chill | 8 dni,,"0,00 zł","0,00 zł","0,00 zł","0,00 zł","0,00 zł",0,"0,00 zł","0,00 zł",,0,,,,,,,,,,,,,,
SBL03,2018-08-03,0,MM,(ID1272) BalticTRIP | Skandynawia + Sankt Petersburg | 5 miejscówek,,"0,00 zł","0,00 zł","0,00 zł","0,00 zł","0,00 zł","2960,67","0,00 zł","0,00 zł",40,44,,SZWECJA,6,1099,899,0,1,0,1,1,LATO,0,0,1
SBT03,2018-08-03,1,IG,(ID1266) BałkanTRIP | 9 miejscówek,https://docs.google.com/spreadsheets/d/1pEZyZOeUdTQV5gEgEeUSM59INjrVLFiqKMRR7AYE8Z0/edit#gid=1626993402,"66 551,05 zł","18 141,20 zł","36 304,90 zł","3 068,50 zł","9 036,45 zł","4000,76","61 983,60 zł","17 938,80 zł",47,48,,MACEDONIA,10,1349,1199,0,1,0,0,1,LATO,3,0,1
SBZ07,2018-08-03,1,ŁR,(ID1267) Bułgaria | Złote Piaski (All Inclusive | 10 dni),https://docs.google.com/spreadsheets/d/1A1LZFRn3lQEaplhVTT8_tYRraqgMXg1YAihCOhgHy58/edit#gid=391333091,"138 327,70 zł","29 763,00 zł","105 861,70 zł","2 359,00 zł","344,00 zł",0,"187 496,95 zł","176,00 zł",130,0,,Bułgaria,10,1399,1099,1,0,0,0,1,Lato,3,,1
SCN03,2018-08-03,0,ŁR,(ID1313) Francja | Cannes (10 dni),,"0,00 zł","0,00 zł","0,00 zł","0,00 zł","0,00 zł",0,"0,00 zł","0,00 zł",,0,,,,,,,,,,,,,,
SGK06,2018-08-03,1,MM,(ID1256) Grecja | Wyspa Korfu | Kavos (10 dni),https://docs.google.com/spreadsheets/d/1OPNWg-dq3-IzSvgR2szOPiCEfW9Wjz4W5gxfZdqqIt8/edit#gid=2121134962,"59 984,94 zł","21 772,99 zł","19 049,00 zł","4 149,50 zł","15 013,45 zł","2834,6","74 093,40 zł","24 406,36 zł",60,60,,GRECJA,10,899,799,1,0,0,0,1,LATO,0,0,1
SLW06,2018-08-03,0,,(ID1337) Lucky Holidays! | Niespodzianka (7 - 15 dni),,"0,00 zł","0,00 zł","0,00 zł","0,00 zł","0,00 zł",0,"0,00 zł","0,00 zł",,0,,,,,,,,,,,,,,
SEP04,2018-08-04,1,MM,(ID1295) EuroTRIP | Portugalia | Peniche | 6 miejscówek,https://docs.google.com/spreadsheets/d/19CuQ_ayV4Lytiuigx7teLqiDQzD2Mxc0LyT-tnForzM/edit#gid=1626993402,"67 458,60 zł","30 767,89 zł","28 272,72 zł","3 132,00 zł","5 285,99 zł","3765,95","0,00 zł","25 992,34 zł",45,43,,PORTUGALIA,12,1499,1299,0,1,0,0,1,LATO,0,0,1
SPO06,2018-08-04,1,MM,(ID1270) EuroTRIP | Portugalia | 6 miejscówek,https://docs.google.com/spreadsheets/d/1BJEY54DD17VBRmVqen3r_Umq9Jirs7-z9GAKiy0a7ws/edit#gid=1626993402,"94 834,05 zł","43 432,19 zł","40 893,00 zł","2 940,00 zł","7 568,86 zł","5613,1","46 582,80 zł","32 720,60 zł",43,43,,PORTUGALIA,15,1799,1699,0,1,0,0,1,LATO,3,0,1
SRI04,2018-08-04,1,ŁR,(ID1258) Włochy | Rimini + Wenecja (HB | 10 dni),https://docs.google.com/spreadsheets/d/1o0hKe1KuI54aJN4-yn9ZnhP4dFi4J_ZbJ1A8THZ443o/edit#gid=1626993402,"59 970,90 zł","14 914,20 zł","24 230,50 zł","1 330,00 zł","19 496,20 zł",0,"54 623,00 zł","26 006,20 zł",40,0,,Włochy,10,1499,1199,1,,,,1,Lato,3,,1
SFL03,2018-08-05,1,ŁR,(ID1306) Włochy | Rimini (HB) | #Samolot,https://docs.google.com/spreadsheets/d/1ChVutisQIqRxc2ofMaRzDtla06RaAcKkZ8wZiymPIJg/edit#gid=2121134962,"22 031,28 zł","9 892,00 zł","10 384,50 zł","1 754,78 zł","0,00 zł",0,"27 508,00 zł","0,00 zł",10,0,,Włochy,7,1999,1699,1,,1,,,Lato,3,,1
SGR07,2018-08-05,1,ŁR,(ID1291) Grecja | Kokkino Nero | 12 dni,https://docs.google.com/spreadsheets/d/1Itp3gsbuKTQI4A3msgFXcjStTyQnDa1oOevQxp-kao8/edit#gid=2121134962,"46 245,00 zł","15 478,50 zł","9 782,50 zł","3 160,50 zł","17 823,50 zł","2218,22","36 459,00 zł","23 144,00 zł",40,52,,Grecja,12,899,599,1,0,0,0,1,Lato,0,,1
ASP06,2018-08-06,1,ŁR,(ID1268) Bułgaria | Złote Piaski | (All inclusive) #Samolot | Gladiola,https://docs.google.com/spreadsheets/d/1NweUBGI98lOoydGVuQWoGlxL-rzhWO-apDFTMdCeyoA/edit#gid=2121134962,"46 111,13 zł","14 452,73 zł","30 753,60 zł","904,80 zł","0,00 zł","2843,37","51 103,00 zł","16 610,00 zł",40,0,,Bułgaria,7,2099,1799,1,,1,0,0,Lato,3,,1
ASP07,2018-08-07,1,ŁR,(ID1268) Bułgaria | Złote Piaski | (All inclusive) #Samolot | Gladiola,https://docs.google.com/spreadsheets/d/1NweUBGI98lOoydGVuQWoGlxL-rzhWO-apDFTMdCeyoA/edit#gid=2121134962,"69 130,67 zł","27 255,47 zł","40 970,40 zł","904,80 zł","0,00 zł","3712,48","0,00 zł","18 612,00 zł",40,41,,Bułgaria,7,2099,1799,1,,1,0,0,Lato,3,,1
SYY06,2018-08-07,1,MM,(ID1261) Hiszpania | Lloret de Mar (HB | 10 dni),https://docs.google.com/spreadsheets/d/1mrluCtNuEAe6WiDIHPt9yIysAQfAVW8CBgkO2tw7osA/edit#gid=2121134962,"98 100,42 zł","30 173,75 zł","55 384,00 zł","1 179,50 zł","11 363,17 zł","4483,78","80 476,25 zł","41 615,20 zł",45,44,,HISZPANIA,10,1699,1599,1,0,0,0,1,LATO,3,0,1
SAS06,2018-08-08,0,IG,(ID1283) Albania | Shëngjin + Ohrid (BB | 12 dni),,"0,00 zł","0,00 zł","0,00 zł","0,00 zł","0,00 zł",0,"0,00 zł","0,00 zł",,0,,,,,,,,,,,,,,
SBU07,2018-08-08,1,MM,(ID1255) Czarnogóra | Budva + Dubrovnik (BB | 10 dni),https://docs.google.com/spreadsheets/d/1G3AdbRtMURmrMnNRby4Kpa8x3UXWCh6StT2DN889uCU/edit#gid=2121134962,"57 867,31 zł","10 246,50 zł","23 564,00 zł","1 704,01 zł","22 352,80 zł","2642,86","58 008,00 zł","22 346,40 zł",50,48,,CZARNOGÓRA,10,999,899,1,0,0,0,1,LATO,0,0,1
SNU07,2018-08-08,0,IG,(ID1289) Bośnia | Neum + Dubrownik (HB | 10 dni) NOWOŚĆ!,,"0,00 zł","0,00 zł","0,00 zł","0,00 zł","0,00 zł",0,"0,00 zł","0,00 zł",,0,,,,,,,,,,,,,,
SSE07,2018-08-08,1,IG,(ID1262) Albania | Shëngjin (All Inclusive Light | 10 dni),https://docs.google.com/spreadsheets/d/1FQ3lCfW74DwvJBE7pdGYiMXLHZLpKwP-IqHN9qzf2AY/edit#gid=1435772818,"56 839,00 zł","13 325,30 zł","38 910,70 zł","1 421,00 zł","3 182,00 zł","3378,14","65 714,00 zł","4 923,60 zł",47,48,,ALBANIA,10,1249,1149,1,0,0,0,1,LATO,4,0,1
SVV10,2018-08-08,1,MM,(ID1290) Grecja | Korfu | Kavos #Samolot,https://docs.google.com/spreadsheets/d/1xqSJZsQSTtem_dZdmXlZ4_x5k4744KYxO92G0DhprrI/edit#gid=2121134962,"30 619,72 zł","15 759,72 zł","6 536,00 zł","1 014,00 zł","7 310,00 zł","1505,89","35 844,00 zł","6 160,00 zł",20,20,,GRECJA ,8,1699,1499,1,0,1,0,0,LATO,3,0,1
SBB06,2018-08-09,1,MM,(ID1292) Czarnogóra | Budva #Samolot,https://docs.google.com/spreadsheets/d/1S1gPOsto5z_-lwEUQqkGoUOfcR0SYlMCnsRp3P0A8JE/edit#gid=1203161737,"29 970,30 zł","14 008,90 zł","14 869,40 zł","1 092,00 zł","0,00 zł",0,"41 225,63 zł","8 800,00 zł",20,20,,CZAROGÓRA,8,1899,1699,1,0,1,0,0,LATO,3,0,1
SBL04,2018-08-09,0,MM,(ID1272) BalticTRIP | Skandynawia + Sankt Petersburg | 5 miejscówek,,"0,00 zł","0,00 zł","0,00 zł","0,00 zł","0,00 zł",0,"0,00 zł","0,00 zł",40,0,,SZWECJA,6,1099,899,0,1,0,1,1,LATO,0,0,1
SLS05,2018-08-09,0,MM,(ID1287) Hiszpania | Lloret de Mar #Samolot,,"0,00 zł","0,00 zł","0,00 zł","0,00 zł","0,00 zł",0,"0,00 zł","0,00 zł",20,0,,HISZPANIA,8,2599,2499,1,0,1,0,0,LATO,3,0,1
SSA06,2018-08-09,1,IG,(ID1273) Albania | Shëngjin (All Inclusive Light) | #Samolot,https://docs.google.com/spreadsheets/d/116pjE41WwJifq1h2gRRzt1JSXDBe9ZRXhAvaScgDhfg/edit#gid=2064927368,"35 159,28 zł","15 261,38 zł","18 128,80 zł","1 008,00 zł","761,10 zł","2041,93","41 024,00 zł","0,00 zł",20,20,,ALBANIA,8,2199,1999,1,0,1,0,0,LATO,4,0,1
SBZ08,2018-08-10,1,ŁR,(ID1267) Bułgaria | Złote Piaski (All Inclusive | 10 dni),https://docs.google.com/spreadsheets/d/1A1LZFRn3lQEaplhVTT8_tYRraqgMXg1YAihCOhgHy58/edit#gid=391333091,"133 945,40 zł","29 229,40 zł","101 136,00 zł","3 408,00 zł","172,00 zł",0,"164 725,40 zł","0,00 zł",130,0,,Bułgaria,10,1399,1099,1,0,0,0,1,Lato,3,,1
SCN04,2018-08-10,0,ŁR,(ID1313) Francja | Cannes (10 dni),,"0,00 zł","0,00 zł","0,00 zł","0,00 zł","0,00 zł",0,"0,00 zł","0,00 zł",,0,,,,,,,,,,,,,,
SGK07,2018-08-10,1,MM,(ID1256) Grecja | Wyspa Korfu | Kavos (10 dni),https://docs.google.com/spreadsheets/d/1OPNWg-dq3-IzSvgR2szOPiCEfW9Wjz4W5gxfZdqqIt8/edit#gid=2121134962,"60 474,55 zł","22 477,60 zł","20 803,40 zł","4 149,50 zł","13 044,05 zł","2834,6","65 711,80 zł","16 830,00 zł",60,60,,GRECJA,10,899,799,1,0,0,0,1,LATO,0,0,1
SLW07,2018-08-10,0,,(ID1337) Lucky Holidays! | Niespodzianka (7 - 15 dni),,"0,00 zł","0,00 zł","0,00 zł","0,00 zł","0,00 zł",0,"0,00 zł","0,00 zł",,0,,,,,,,,,,,,,,
SCH06,2018-08-11,1,IG,(ID1257) Chorwacja | Makarska (12 dni),https://docs.google.com/spreadsheets/d/10hR0Xf13yTY_Bl2iWIBYv8YzD2xYJ-qpcfY99p-1KEc/edit#gid=342248492,"97 349,60 zł","22 232,00 zł","58 050,00 zł","3 600,00 zł","13 467,60 zł","4720,36","109 558,40 zł","16 368,00 zł",94,97,,CHORWACJA,12,1099,999,1,0,0,0,1,LATO,0,0,1
SPO07,2018-08-11,1,MM,(ID1270) EuroTRIP | Portugalia | 6 miejscówek,https://docs.google.com/spreadsheets/d/1BJEY54DD17VBRmVqen3r_Umq9Jirs7-z9GAKiy0a7ws/edit#gid=1626993402,"95 177,98 zł","48 431,00 zł","36 401,44 zł","8 248,00 zł","2 097,54 zł","5613,1","46 582,80 zł","30 974,02 zł",43,43,,PORTUGALIA,15,1799,1699,0,1,0,0,1,LATO,3,0,1
SRI05,2018-08-11,1,ŁR,(ID1258) Włochy | Rimini + Wenecja (HB | 10 dni),https://docs.google.com/spreadsheets/d/1o0hKe1KuI54aJN4-yn9ZnhP4dFi4J_ZbJ1A8THZ443o/edit#gid=1626993402,"53 044,60 zł","14 129,00 zł","25 615,10 zł","1 884,00 zł","11 416,50 zł",0,"37 999,00 zł","13 310,00 zł",40,0,,Włochy,10,1499,1199,1,,,,1,Lato,3,,1
SFL04,2018-08-12,1,ŁR,(ID1306) Włochy | Rimini (HB) | #Samolot,https://docs.google.com/spreadsheets/d/1ChVutisQIqRxc2ofMaRzDtla06RaAcKkZ8wZiymPIJg/edit#gid=2121134962,"10 128,88 zł","-1 959,92 zł","0,00 zł","0,00 zł","12 088,80 zł",0,"13 127,00 zł","8 548,80 zł",10,0,,Włochy,7,1999,1699,1,,1,,,Lato,3,,1
ASP08,2018-08-14,1,ŁR,(ID1268) Bułgaria | Złote Piaski | (All inclusive) #Samolot | Gladiola,https://docs.google.com/spreadsheets/d/1NweUBGI98lOoydGVuQWoGlxL-rzhWO-apDFTMdCeyoA/edit#gid=2121134962,"71 385,47 zł","28 753,47 zł","41 727,20 zł","904,80 zł","0,00 zł","3712,48","83 697,00 zł","1 161,60 zł",40,0,,Bułgaria,7,2099,1799,1,,1,0,0,Lato,3,,1
SGR08,2018-08-14,1,ŁR,(ID1291) Grecja | Kokkino Nero | 12 dni,https://docs.google.com/spreadsheets/d/1Itp3gsbuKTQI4A3msgFXcjStTyQnDa1oOevQxp-kao8/edit#gid=2121134962,"30 049,34 zł","15 533,14 zł","6 858,50 zł","1 319,50 zł","6 338,20 zł","2218,22","30 873,80 zł","18 304,00 zł",40,52,,Grecja,12,899,599,1,0,0,0,1,Lato,0,,1
SYY07,2018-08-14,0,MM,(ID1261) Hiszpania | Lloret de Mar (HB | 10 dni),https://docs.google.com/spreadsheets/d/1mrluCtNuEAe6WiDIHPt9yIysAQfAVW8CBgkO2tw7osA/edit#gid=2121134962,"19 645,09 zł","17 975,10 zł","0,00 zł","1 583,99 zł","86,00 zł","4483,78","0,00 zł","0,00 zł",45,44,,HISZPANIA,10,1699,1599,1,0,0,0,1,LATO,3,0,1
SAS07,2018-08-15,0,IG,(ID1283) Albania | Shëngjin + Ohrid (BB | 12 dni),,"0,00 zł","0,00 zł","0,00 zł","0,00 zł","0,00 zł",0,"0,00 zł","0,00 zł",,0,,,,,,,,,,,,,,
SBU08,2018-08-15,1,MM,(ID1255) Czarnogóra | Budva + Dubrovnik (BB | 10 dni),https://docs.google.com/spreadsheets/d/1G3AdbRtMURmrMnNRby4Kpa8x3UXWCh6StT2DN889uCU/edit#gid=2121134962,"61 091,46 zł","10 768,50 zł","23 564,00 zł","5 009,00 zł","21 749,96 zł","2642,86","47 404,00 zł","21 208,80 zł",50,48,,CZARNOGÓRA,10,999,899,1,0,0,0,1,LATO,0,0,1
SNU08,2018-08-15,0,IG,(ID1289) Bośnia | Neum + Dubrownik (HB | 10 dni) NOWOŚĆ!,,"0,00 zł","0,00 zł","0,00 zł","0,00 zł","0,00 zł",0,"0,00 zł","0,00 zł",,0,,,,,,,,,,,,,,
SSE08,2018-08-15,1,IG,(ID1262) Albania | Shëngjin (All Inclusive Light | 10 dni),https://docs.google.com/spreadsheets/d/1FQ3lCfW74DwvJBE7pdGYiMXLHZLpKwP-IqHN9qzf2AY/edit#gid=2088416783,"65 825,00 zł","12 656,00 zł","34 576,30 zł","150,00 zł","18 442,70 zł","3378,14","62 980,80 zł","20 908,80 zł",47,48,,ALBANIA,10,1249,1149,1,0,0,0,1,LATO,4,0,1
SVV11,2018-08-15,1,MM,(ID1290) Grecja | Korfu | Kavos #Samolot,https://docs.google.com/spreadsheets/d/1xqSJZsQSTtem_dZdmXlZ4_x5k4744KYxO92G0DhprrI/edit#gid=2121134962,"34 945,52 zł","16 055,56 zł","6 514,50 zł","1 014,00 zł","11 361,46 zł","1505,89","35 124,00 zł","13 332,00 zł",20,20,,GRECJA,8,1699,1499,1,0,1,0,0,LATO,3,0,1
ASP09,2018-08-16,1,ŁR,(ID1268) Bułgaria | Złote Piaski | (All inclusive) #Samolot | Gladiola,https://docs.google.com/spreadsheets/d/1NweUBGI98lOoydGVuQWoGlxL-rzhWO-apDFTMdCeyoA/edit#gid=2121134962,"31 350,08 zł","8 787,48 zł","21 422,60 zł","1 140,00 zł","0,00 zł","3021,84","28 872,00 zł","2 842,40 zł",40,0,,Bułgaria,7,2099,1799,1,,1,0,0,Lato,3,,1
SBB07,2018-08-16,1,MM,(ID1292) Czarnogóra | Budva #Samolot,https://docs.google.com/spreadsheets/d/1S1gPOsto5z_-lwEUQqkGoUOfcR0SYlMCnsRp3P0A8JE/edit#gid=1805198381,"30 991,10 zł","14 008,90 zł","15 389,70 zł","1 592,50 zł","0,00 zł","2011,35","40 052,00 zł","0,00 zł",20,20,,CZAROGÓRA,8,1899,1699,1,0,1,0,0,LATO,3,0,1
SLS06,2018-08-16,0,MM,(ID1287) Hiszpania | Lloret de Mar #Samolot,,"0,00 zł","0,00 zł","0,00 zł","0,00 zł","0,00 zł",0,"0,00 zł","0,00 zł",20,0,,HISZPANIA,8,2599,2499,1,0,1,0,0,LATO,3,0,1
SSA07,2018-08-16,1,IG,(ID1273) Albania | Shëngjin (All Inclusive Light) | #Samolot,https://docs.google.com/spreadsheets/d/116pjE41WwJifq1h2gRRzt1JSXDBe9ZRXhAvaScgDhfg/edit#gid=319392209,"35 120,58 zł","14 573,38 zł","18 851,20 zł","1 008,00 zł","688,00 zł","2041,93","39 346,00 zł","0,00 zł",20,20,,ALBANIA,8,2199,1999,1,0,1,0,0,LATO,4,0,1
SBL05,2018-08-17,1,MM,(ID1272) BalticTRIP | Skandynawia + Sankt Petersburg | 5 miejscówek,https://docs.google.com/spreadsheets/d/1KckZ7G-meBrofFajgjcmIGIJ3nraH84RenwoGyQ5-mk/edit#gid=216519208,"42 216,60 zł","7 834,50 zł","31 871,60 zł","2 510,50 zł","0,00 zł","2887,35","0,00 zł","14 179,00 zł",40,44,,SZWECJA,6,899,699,0,1,0,1,1,LATO,0,0,1
SBT05,2018-08-17,1,IG,(ID1266) BałkanTRIP | 9 miejscówek,https://docs.google.com/spreadsheets/d/1pEZyZOeUdTQV5gEgEeUSM59INjrVLFiqKMRR7AYE8Z0/edit#gid=853016742,"67 486,90 zł","18 423,00 zł","37 087,50 zł","2 568,00 zł","9 408,40 zł","4000,76","61 782,80 zł","25 295,60 zł",47,48,,MACEDONIA,10,1349,1199,0,1,0,0,1,LATO,3,0,1
SBZ09,2018-08-17,1,ŁR,(ID1267) Bułgaria | Złote Piaski (All Inclusive | 10 dni),https://docs.google.com/spreadsheets/d/1A1LZFRn3lQEaplhVTT8_tYRraqgMXg1YAihCOhgHy58/edit#gid=391333091,"146 282,40 zł","32 845,60 zł","95 718,00 zł","7 115,00 zł","10 603,80 zł",0,"147 182,85 zł","10 234,40 zł",130,0,,Bułgaria,10,1399,1099,1,0,0,0,1,Lato,3,,1
SCN05,2018-08-17,0,ŁR,(ID1313) Francja | Cannes (10 dni),,"0,00 zł","0,00 zł","0,00 zł","0,00 zł","0,00 zł",0,"0,00 zł","0,00 zł",,0,,,,,,,,,,,,,,
SGK08,2018-08-17,1,MM,(ID1256) Grecja | Wyspa Korfu | Kavos (10 dni),https://docs.google.com/spreadsheets/d/1OPNWg-dq3-IzSvgR2szOPiCEfW9Wjz4W5gxfZdqqIt8/edit#gid=2121134962,"60 230,33 zł","21 440,18 zł","8 939,70 zł","5 570,50 zł","24 279,95 zł","2834,6","60 209,75 zł","20 569,56 zł",60,60,,GRECJA,10,899,799,1,0,0,0,1,LATO,0,0,1
SLW08,2018-08-17,0,,(ID1337) Lucky Holidays! | Niespodzianka (7 - 15 dni),,"0,00 zł","0,00 zł","0,00 zł","0,00 zł","0,00 zł",0,"0,00 zł","0,00 zł",,0,,,,,,,,,,,,,,
SEP05,2018-08-18,0,MM,(ID1295) EuroTRIP | Portugalia | Peniche | 6 miejscówek,,"8 385,00 zł","0,00 zł","8 385,00 zł","0,00 zł","0,00 zł","3765,95","0,00 zł","0,00 zł",45,43,,PORTUGALIA,12,1499,1299,0,1,0,0,1,LATO,0,0,1
SPO08,2018-08-18,1,MM,(ID1270) EuroTRIP | Portugalia | 6 miejscówek,https://docs.google.com/spreadsheets/d/1BJEY54DD17VBRmVqen3r_Umq9Jirs7-z9GAKiy0a7ws/edit#gid=1626993402,"103 693,67 zł","38 561,00 zł","49 966,86 zł","6 039,15 zł","9 126,66 zł","5613,1","86 034,60 zł","40 155,09 zł",43,43,,PORTUGALIA,15,1799,1699,0,1,0,0,1,LATO,3,0,1
SRI06,2018-08-18,1,ŁR,(ID1258) Włochy | Rimini + Wenecja (HB | 10 dni),https://docs.google.com/spreadsheets/d/1o0hKe1KuI54aJN4-yn9ZnhP4dFi4J_ZbJ1A8THZ443o/edit#gid=1626993402,"74 056,20 zł","12 950,00 zł","33 922,70 zł","560,00 zł","26 623,50 zł",0,"61 308,00 zł","23 014,20 zł",40,0,,Włochy,10,1499,1199,1,,,,1,Lato,3,,1
SFL05,2018-08-19,1,ŁR,(ID1306) Włochy | Rimini (HB) | #Samolot,https://docs.google.com/spreadsheets/d/1ChVutisQIqRxc2ofMaRzDtla06RaAcKkZ8wZiymPIJg/edit#gid=2121134962,"7 896,00 zł","7 896,00 zł","0,00 zł","0,00 zł","0,00 zł",0,"17 562,00 zł","0,00 zł",10,0,,Włochy,7,1999,1699,1,,1,,,Lato,3,,1
SIT01,2018-08-19,0,ŁR,(ID1259) ItalianTRIP | Sycylia | 6 miejscówek,,"0,00 zł","0,00 zł","0,00 zł","0,00 zł","0,00 zł",0,"0,00 zł","0,00 zł",,0,,Włochy,15,,,,,,,,,,,
SBM01,2018-08-20,0,MM,(ID1298) BalticTRIP | Skandynawia | 5 miejscówek,,"0,00 zł","0,00 zł","0,00 zł","0,00 zł","0,00 zł","2786,58","0,00 zł","0,00 zł",45,44,,SZWECJA,7,699,599,0,1,0,1,1,LATO,0,1,0
SCH07,2018-08-20,1,IG,(ID1257) Chorwacja | Makarska (12 dni),https://docs.google.com/spreadsheets/d/10hR0Xf13yTY_Bl2iWIBYv8YzD2xYJ-qpcfY99p-1KEc/edit#gid=662576063,"92 243,84 zł","21 860,00 zł","58 044,84 zł","3 696,00 zł","8 643,00 zł","4661,78","101 441,80 zł","13 442,00 zł",94,95,,CHORWACJA,12,1099,999,1,0,0,0,1,LATO,0,0,1
ASP10,2018-08-21,1,ŁR,(ID1268) Bułgaria | Złote Piaski | (All inclusive) #Samolot | Gladiola,https://docs.google.com/spreadsheets/d/1NweUBGI98lOoydGVuQWoGlxL-rzhWO-apDFTMdCeyoA/edit#gid=2121134962,"59 088,87 zł","27 255,47 zł","30 693,40 zł","1 140,00 zł","0,00 zł","3712,48","55 651,00 zł","2 169,20 zł",40,0,,Bułgaria,7,2099,1799,1,,1,0,0,Lato,3,,1
SYY08,2018-08-21,0,MM,(ID1261) Hiszpania | Lloret de Mar (HB | 10 dni),,"11 480,50 zł","11 480,50 zł","0,00 zł","0,00 zł","0,00 zł","3286,88","0,00 zł","0,00 zł",45,44,,HISZPANIA,10,1699,1599,1,0,0,0,1,LATO,3,0,1
SAS08,2018-08-22,0,IG,(ID1283) Albania | Shëngjin + Ohrid (BB | 12 dni),,"0,00 zł","0,00 zł","0,00 zł","0,00 zł","0,00 zł",0,"0,00 zł","0,00 zł",,0,,,,,,,,,,,,,,
SBU09,2018-08-22,1,MM,(ID1255) Czarnogóra | Budva + Dubrovnik (BB | 10 dni),https://docs.google.com/spreadsheets/d/1G3AdbRtMURmrMnNRby4Kpa8x3UXWCh6StT2DN889uCU/edit#gid=2121134962,"48 299,10 zł","9 185,50 zł","23 564,00 zł","1 704,00 zł","13 845,60 zł","2642,86","45 696,00 zł","16 666,80 zł",50,48,,CZARNOGÓRA,10,999,899,1,0,0,0,1,LATO,0,0,1
SNU09,2018-08-22,0,IG,(ID1289) Bośnia | Neum + Dubrownik (HB | 10 dni) NOWOŚĆ!,,"0,00 zł","0,00 zł","0,00 zł","0,00 zł","0,00 zł",0,"0,00 zł","0,00 zł",,0,,,,,,,,,,,,,,
SSE09,2018-08-22,1,IG,(ID1262) Albania | Shëngjin (All Inclusive Light | 10 dni),https://docs.google.com/spreadsheets/d/1FQ3lCfW74DwvJBE7pdGYiMXLHZLpKwP-IqHN9qzf2AY/edit#gid=2088416783,"51 267,40 zł","13 700,00 zł","29 618,40 zł","2 359,00 zł","5 590,00 zł","3378,14","53 914,35 zł","6 749,60 zł",47,48,,ALBANIA,10,1249,1149,1,0,0,0,1,LATO,4,0,1
SVV12,2018-08-22,1,MM,(ID1290) Grecja | Korfu | Kavos #Samolot,https://docs.google.com/spreadsheets/d/1xqSJZsQSTtem_dZdmXlZ4_x5k4744KYxO92G0DhprrI/edit#gid=2121134962,"25 215,97 zł","15 759,72 zł","6 514,50 zł","910,00 zł","2 031,75 zł","1505,89","36 255,00 zł","0,00 zł",20,20,,GRECJA ,8,1699,1499,1,0,1,0,0,LATO,3,0,1
SBB08,2018-08-23,1,MM,(ID1292) Czarnogóra | Budva #Samolot,https://docs.google.com/spreadsheets/d/1S1gPOsto5z_-lwEUQqkGoUOfcR0SYlMCnsRp3P0A8JE/edit#gid=1805198381,"30 490,60 zł","14 008,90 zł","15 389,70 zł","1 092,00 zł","0,00 zł","2011,35","40 535,00 zł","0,00 zł",20,20,,CZAROGÓRA,8,1899,1699,1,0,1,0,0,LATO,3,0,1
SGR09,2018-08-23,1,ŁR,(ID1291) Grecja | Kokkino Nero | 12 dni,https://docs.google.com/spreadsheets/d/1Itp3gsbuKTQI4A3msgFXcjStTyQnDa1oOevQxp-kao8/edit#gid=2121134962,"29 033,50 zł","15 654,00 zł","9 782,50 zł","3 511,00 zł","86,00 zł","2218,22","45 138,25 zł","0,00 zł",40,52,,Grecja,12,899,599,1,0,0,0,1,Lato,0,,1
SLS07,2018-08-23,0,MM,(ID1287) Hiszpania | Lloret de Mar #Samolot,,"0,00 zł","0,00 zł","0,00 zł","0,00 zł","0,00 zł",0,"0,00 zł","0,00 zł",20,0,,HISZPANIA,8,2599,2499,1,0,1,0,0,LATO,3,0,1
SSA08,2018-08-23,1,IG,(ID1273) Albania | Shëngjin (All Inclusive Light) | #Samolot,https://docs.google.com/spreadsheets/d/116pjE41WwJifq1h2gRRzt1JSXDBe9ZRXhAvaScgDhfg/edit#gid=833215896,"33 731,68 zł","14 573,38 zł","18 150,30 zł","1 008,00 zł","0,00 zł","2041,93","43 739,00 zł","0,00 zł",20,20,,ALBANIA,8,2199,1999,1,0,1,0,0,LATO,4,0,1
THT01,2018-08-23,0,ŁR,(ID1340) Tajlandia | ThaiTrip! #Samolot | 15 dni,,"394,43 zł","0,00 zł","0,00 zł","0,00 zł","394,43 zł",0,"0,00 zł","0,00 zł",,0,,Tajlandia,15,4999,4399,0,1,1,0,0,Lato,3,,1
SBZ10,2018-08-24,1,ŁR,(ID1267) Bułgaria | Złote Piaski (All Inclusive | 10 dni),https://docs.google.com/spreadsheets/d/1A1LZFRn3lQEaplhVTT8_tYRraqgMXg1YAihCOhgHy58/edit#gid=391333091,"127 156,90 zł","29 395,10 zł","96 410,30 zł","1 179,50 zł","172,00 zł",0,"162 638,80 zł","0,00 zł",130,0,,Bułgaria,10,1399,1099,1,0,0,0,1,Lato,3,,1
SCN06,2018-08-24,0,ŁR,(ID1313) Francja | Cannes (10 dni),,"0,00 zł","0,00 zł","0,00 zł","0,00 zł","0,00 zł",0,"0,00 zł","0,00 zł",,0,,,,,,,,,,,,,,
SGK09,2018-08-24,1,MM,(ID1256) Grecja | Wyspa Korfu | Kavos (10 dni),https://docs.google.com/spreadsheets/d/1OPNWg-dq3-IzSvgR2szOPiCEfW9Wjz4W5gxfZdqqIt8/edit#gid=2121134962,"71 019,68 zł","19 421,40 zł","14 620,00 zł","1 344,00 zł","35 634,28 zł","2834,6","61 943,90 zł","30 109,20 zł",60,0,,GRECJA,10,899,799,1,0,0,0,1,LATO,0,0,1
SLW09,2018-08-24,0,,(ID1337) Lucky Holidays! | Niespodzianka (7 - 15 dni),,"0,00 zł","0,00 zł","0,00 zł","0,00 zł","0,00 zł",0,"0,00 zł","0,00 zł",,0,,,,,,,,,,,,,,
SPO09,2018-08-25,1,MM,(ID1270) EuroTRIP | Portugalia | 6 miejscówek,https://docs.google.com/spreadsheets/d/1BJEY54DD17VBRmVqen3r_Umq9Jirs7-z9GAKiy0a7ws/edit#gid=1626993402,"101 766,04 zł","49 130,90 zł","36 874,22 zł","6 675,45 zł","9 085,47 zł","5442,91","62 715,16 zł","41 316,00 zł",43,43,,PORTUGALIA,15,1799,1699,0,1,0,0,1,LATO,3,0,1
SRI07,2018-08-25,1,ŁR,(ID1258) Włochy | Rimini + Wenecja (HB | 10 dni),https://docs.google.com/spreadsheets/d/1o0hKe1KuI54aJN4-yn9ZnhP4dFi4J_ZbJ1A8THZ443o/edit#gid=1626993402,"57 838,60 zł","16 037,00 zł","26 045,10 zł","1 330,00 zł","14 426,50 zł",0,"44 649,40 zł","17 710,00 zł",40,0,,Włochy,10,1499,1199,1,,,,1,Lato,3,,1
SFL06,2018-08-26,1,ŁR,(ID1306) Włochy | Rimini (HB) | #Samolot,https://docs.google.com/spreadsheets/d/1ChVutisQIqRxc2ofMaRzDtla06RaAcKkZ8wZiymPIJg/edit#gid=2121134962,"13 003,00 zł","6 080,00 zł","6 923,00 zł","0,00 zł","0,00 zł",0,"18 621,00 zł","0,00 zł",10,0,,Włochy,7,1999,1699,1,,1,,,Lato,3,,1
SIT02,2018-08-26,0,ŁR,(ID1259) ItalianTRIP | Sycylia | 6 miejscówek,,"0,00 zł","0,00 zł","0,00 zł","0,00 zł","0,00 zł",0,"0,00 zł","0,00 zł",,0,,Włochy,15,,,,,,,,,,,
ASB09,2018-08-27,1,ŁR,(ID1269) Bułgaria | Złote Piaski | (All inclusive) #Samolot | Royal & Vladislav,https://docs.google.com/spreadsheets/d/1gHmKqa9N5FVTuhAnrMOYHLZrf7DdKhRKqZIC-sahpe8/edit#gid=2121134962,"180 911,00 zł","131 438,00 zł","43 623,50 zł","0,00 zł","5 849,50 zł",0,"0,00 zł","0,00 zł",,0,,,,,,,,,,,,,,
SBM02,2018-08-27,0,MM,(ID1298) BalticTRIP | Skandynawia | 5 miejscówek,,"0,00 zł","0,00 zł","0,00 zł","0,00 zł","0,00 zł","2786,58","0,00 zł","0,00 zł",45,44,,SZWECJA,7,699,599,0,1,0,1,1,LATO,0,1,0
ASP11,2018-08-28,1,ŁR,(ID1268) Bułgaria | Złote Piaski | (All inclusive) #Samolot | Gladiola,https://docs.google.com/spreadsheets/d/1NweUBGI98lOoydGVuQWoGlxL-rzhWO-apDFTMdCeyoA/edit#gid=2121134962,"28 395,47 zł","27 255,47 zł","0,00 zł","1 140,00 zł","0,00 zł","3412,74","0,00 zł","0,00 zł",40,0,,Bułgaria,7,2099,1799,1,,1,0,0,Lato,3,,1
SYY09,2018-08-28,0,MM,(ID1261) Hiszpania | Lloret de Mar (HB | 10 dni),https://docs.google.com/spreadsheets/d/1mrluCtNuEAe6WiDIHPt9yIysAQfAVW8CBgkO2tw7osA/edit#gid=2121134962,"0,00 zł","0,00 zł","0,00 zł","0,00 zł","0,00 zł","3286,88","0,00 zł","0,00 zł",45,44,,HISZPANIA,10,1599,1499,1,0,0,0,1,LATO,3,0,1
SAS09,2018-08-29,0,IG,(ID1283) Albania | Shëngjin + Ohrid (BB | 12 dni),,"0,00 zł","0,00 zł","0,00 zł","0,00 zł","0,00 zł",0,"0,00 zł","0,00 zł",,0,,,,,,,,,,,,,,
SBU10,2018-08-29,1,MM,(ID1255) Czarnogóra | Budva + Dubrovnik (BB | 10 dni),https://docs.google.com/spreadsheets/d/1G3AdbRtMURmrMnNRby4Kpa8x3UXWCh6StT2DN889uCU/edit#gid=1626993402,"42 054,70 zł","13 269,20 zł","21 220,50 zł","612,00 zł","6 953,00 zł","2642,86","28 407,00 zł","16 028,00 zł",50,48,,CZARNOGÓRA,10,999,899,1,0,0,0,1,LATO,0,0,1
SCH08,2018-08-29,1,IG,(ID1257) Chorwacja | Makarska (12 dni),https://docs.google.com/spreadsheets/d/10hR0Xf13yTY_Bl2iWIBYv8YzD2xYJ-qpcfY99p-1KEc/edit#gid=440322289,"93 601,01 zł","22 995,20 zł","45 390,80 zł","3 672,01 zł","21 543,00 zł","4661,78","99 353,85 zł","25 328,00 zł",94,95,,CHORWACJA,12,1099,999,1,0,0,0,1,LATO,0,0,1
SNU10,2018-08-29,0,IG,(ID1289) Bośnia | Neum + Dubrownik (HB | 10 dni) NOWOŚĆ!,,"0,00 zł","0,00 zł","0,00 zł","0,00 zł","0,00 zł",0,"0,00 zł","0,00 zł",,0,,,,,,,,,,,,,,
SSE10,2018-08-29,1,IG,(ID1262) Albania | Shëngjin (All Inclusive Light | 10 dni),https://docs.google.com/spreadsheets/d/1FQ3lCfW74DwvJBE7pdGYiMXLHZLpKwP-IqHN9qzf2AY/edit#gid=1815564909,"45 450,20 zł","12 097,40 zł","31 845,80 zł","1 421,00 zł","86,00 zł","3378,14","36 768,50 zł","0,00 zł",47,48,,ALBANIA,10,1249,1149,1,0,0,0,1,LATO,4,0,1
SVV13,2018-08-29,1,MM,(ID1290) Grecja | Korfu | Kavos #Samolot,https://docs.google.com/spreadsheets/d/1xqSJZsQSTtem_dZdmXlZ4_x5k4744KYxO92G0DhprrI/edit#gid=561501142,"26 704,62 zł","15 759,72 zł","6 536,00 zł","1 611,75 zł","2 797,15 zł","1505,89","29 140,80 zł","1 051,60 zł",20,20,,GRECJA,8,1699,1499,1,0,1,0,0,LATO,3,0,1
SBB09,2018-08-30,1,MM,(ID1292) Czarnogóra | Budva #Samolot,https://docs.google.com/spreadsheets/d/1S1gPOsto5z_-lwEUQqkGoUOfcR0SYlMCnsRp3P0A8JE/edit#gid=1805198381,"30 511,24 zł","14 025,24 zł","15 394,00 zł","1 092,00 zł","0,00 zł","2011,35","30 348,00 zł","0,00 zł",20,20,,CZAROGÓRA,8,1899,1699,1,0,1,0,0,LATO,3,0,1
SHL01,2018-08-30,0,MM,(ID1301) Hiszpania | Majorka + Barcelona (HB | 11 dni),,"0,00 zł","0,00 zł","0,00 zł","0,00 zł","0,00 zł",0,"0,00 zł","0,00 zł",,0,,,,,,,,,,,,,,
SLS08,2018-08-30,0,MM,(ID1287) Hiszpania | Lloret de Mar #Samolot,,"0,00 zł","0,00 zł","0,00 zł","0,00 zł","0,00 zł",0,"0,00 zł","0,00 zł",20,0,,HISZPANIA,8,2599,2499,1,0,1,0,0,LATO,3,0,1
SSA09,2018-08-30,1,ŁR,(ID1273) Albania | Shëngjin (All Inclusive Light) | #Samolot,https://docs.google.com/spreadsheets/d/116pjE41WwJifq1h2gRRzt1JSXDBe9ZRXhAvaScgDhfg/edit#gid=1003309395,"53 673,40 zł","14 588,00 zł","14 981,20 zł","1 211,00 zł","22 893,20 zł","2041,93","38 751,00 zł","20 213,60 zł",20,20,,ALBANIA,8,2199,1999,1,0,1,0,0,LATO,4,0,1
SBL07,2018-08-31,0,MM,(ID1272) BalticTRIP | Skandynawia + Sankt Petersburg | 5 miejscówek,,"0,00 zł","0,00 zł","0,00 zł","0,00 zł","0,00 zł","2538,8","0,00 zł","0,00 zł",40,44,,SZWECJA,6,799,599,0,1,0,1,1,LATO,0,0,1
SBZ11,2018-08-31,1,ŁR,(ID1267) Bułgaria | Złote Piaski (All Inclusive | 10 dni),,"7 396,00 zł","0,00 zł","0,00 zł","0,00 zł","7 396,00 zł",0,"0,00 zł","7 392,00 zł",130,0,,Bułgaria,10,1099,799,1,0,0,0,1,Lato,3,,1
SCN07,2018-08-31,0,ŁR,(ID1313) Francja | Cannes (10 dni),,"0,00 zł","0,00 zł","0,00 zł","0,00 zł","0,00 zł",0,"0,00 zł","0,00 zł",,0,,,,,,,,,,,,,,
SGK10,2018-08-31,1,MM,(ID1256) Grecja | Wyspa Korfu | Kavos (10 dni),https://docs.google.com/spreadsheets/d/1OPNWg-dq3-IzSvgR2szOPiCEfW9Wjz4W5gxfZdqqIt8/edit#gid=2121134962,"58 261,54 zł","20 236,50 zł","1 204,00 zł","1 704,00 zł","35 117,04 zł","2834,6","52 885,40 zł","21 670,00 zł",60,0,,GRECJA,10,899,799,1,0,0,0,1,LATO,0,0,1
SKC01,2018-08-31,1,ŁR,(ID1309) Klubowy Kamp | Złote Piaski (All Inclusive | 10 dni),https://docs.google.com/spreadsheets/d/1cwIoDqulTN-fivxLVH7kkOyChZ-Dlids0_SoMStuPu8/edit#gid=1626993402,"208 215,51 zł","48 740,00 zł","104 449,15 zł","6 035,28 zł","48 991,08 zł","10656,67","241 253,60 zł","6 155,60 zł",500,181,,Bulgaria,10,1099,799,1,0,0,0,1,Lato,3,0,1
SLW10,2018-08-31,0,,(ID1337) Lucky Holidays! | Niespodzianka (7 - 15 dni),,"0,00 zł","0,00 zł","0,00 zł","0,00 zł","0,00 zł",0,"0,00 zł","0,00 zł",,0,,,,,,,,,,,,,,
SST01,2018-08-31,0,ŁR,(ID1264) Włochy | Sardynia | San Teodoro (10 dni),,"131,00 zł","0,00 zł","0,00 zł","0,00 zł","131,00 zł",0,"0,00 zł","0,00 zł",,0,,,,,,,,,,,,,,
SEP06,2018-09-01,0,MM,(ID1295) EuroTRIP | Portugalia | Peniche | 6 miejscówek,,"4 540,80 zł","0,00 zł","4 540,80 zł","0,00 zł","0,00 zł","3557,91","0,00 zł","0,00 zł",45,43,,PORTUGALIA,12,1399,1199,0,1,0,0,1,LATO,0,0,1
SGR10,2018-09-01,1,ŁR,(ID1291) Grecja | Kokkino Nero | 12 dni,https://docs.google.com/spreadsheets/d/1Itp3gsbuKTQI4A3msgFXcjStTyQnDa1oOevQxp-kao8/edit#gid=2121134962,"20 174,49 zł","4 368,99 zł","9 782,50 zł","1 379,00 zł","4 644,00 zł","2218,22","13 771,60 zł","1 320,00 zł",40,52,,Grecja,12,899,599,1,0,0,0,1,Lato,0,,1
SMZ01,2018-09-01,1,MM,(ID1294) Malta | St Julian #Samolot,https://docs.google.com/spreadsheets/d/11SgsUVDNH_zlL0LNFxm1-PhaqJQl_00dd6riBMHfbVs/edit#gid=279417849,"35 838,00 zł","12 298,00 zł","22 381,50 zł","1 158,50 zł","0,00 zł","2125,09","39 767,00 zł","0,00 zł",20,20,,MALTA,8,1999,1799,1,0,1,0,0,LATO,0,0,1
SPO10,2018-09-01,1,MM,(ID1270) EuroTRIP | Portugalia | 6 miejscówek,https://docs.google.com/spreadsheets/d/1BJEY54DD17VBRmVqen3r_Umq9Jirs7-z9GAKiy0a7ws/edit#gid=1626993402,"97 389,08 zł","38 476,50 zł","50 060,17 zł","3 600,00 zł","5 252,41 zł","5442,91","79 723,94 zł","37 837,36 zł",43,43,,PORTUGALIA,15,1699,1599,0,1,0,0,1,LATO,3,0,1
SRI08,2018-09-01,1,ŁR,(ID1258) Włochy | Rimini + Wenecja (HB | 10 dni),https://docs.google.com/spreadsheets/d/1o0hKe1KuI54aJN4-yn9ZnhP4dFi4J_ZbJ1A8THZ443o/edit#gid=1626993402,"35 615,30 zł","12 824,00 zł","21 461,30 zł","1 330,00 zł","0,00 zł",0,"35 061,00 zł","2 142,80 zł",40,0,,Włochy,10,1299,999,1,,,,1,Lato,3,,1
SFL07,2018-09-02,1,ŁR,(ID1306) Włochy | Rimini (HB) | #Samolot,https://docs.google.com/spreadsheets/d/1ChVutisQIqRxc2ofMaRzDtla06RaAcKkZ8wZiymPIJg/edit#gid=2121134962,"12 090,90 zł","7 244,80 zł","4 846,10 zł","0,00 zł","0,00 zł",0,"13 648,75 zł","0,00 zł",10,0,,Włochy,7,1999,1699,1,,1,,,Lato,3,,1
SIT03,2018-09-02,1,ŁR,(ID1259) ItalianTRIP | Sycylia | 6 miejscówek,https://docs.google.com/spreadsheets/d/1ZJ6oBmZqrXRbbTVIswrSWUZPY5BVg2tRP1ajtd4gBWA/edit#gid=2121134962,"99 957,59 zł","24 392,40 zł","42 218,39 zł","4 859,30 zł","28 487,50 zł","4988,35","72 074,80 zł","41 885,80 zł",40,40,,Włochy,15,1699,1399,0,1,0,0,1,Lato,3,,1
ASB10,2018-09-03,1,ŁR,(ID1269) Bułgaria | Złote Piaski | (All inclusive) #Samolot | Royal & Vladislav,,"0,00 zł","0,00 zł","0,00 zł","0,00 zł","0,00 zł",0,"0,00 zł","0,00 zł",80,0,,Bulgaria,7,1999,1499,1,0,1,0,0,Lato,3,0,1
SBM03,2018-09-03,0,MM,(ID1298) BalticTRIP | Skandynawia | 5 miejscówek,,"0,00 zł","0,00 zł","0,00 zł","0,00 zł","0,00 zł","2786,58","0,00 zł","0,00 zł",45,44,,SZWECJA,7,699,599,0,1,0,1,1,LATO,0,1,0
SKC02,2018-09-03,1,ŁR,(ID1309) Klubowy Kamp | Złote Piaski (All Inclusive | 10 dni),https://docs.google.com/spreadsheets/d/1cwIoDqulTN-fivxLVH7kkOyChZ-Dlids0_SoMStuPu8/edit#gid=1626993402,"211 883,56 zł","80 919,12 zł","72 338,90 zł","0,00 zł","58 625,54 zł","10264,94","210 437,80 zł","0,00 zł",,118,,,,,,,,,,,,,,
ASP12,2018-09-04,1,ŁR,(ID1268) Bułgaria | Złote Piaski | (All inclusive) #Samolot | Gladiola,https://docs.google.com/spreadsheets/d/1NweUBGI98lOoydGVuQWoGlxL-rzhWO-apDFTMdCeyoA/edit#gid=2121134962,"18 828,48 zł","0,00 zł","17 688,48 zł","1 140,00 zł","0,00 zł","3412,74","39 086,00 zł","2 468,40 zł",40,0,,Bułgaria,7,2099,1799,1,,1,0,0,Lato,3,,1
SKC03,2018-09-04,1,ŁR,(ID1309) Klubowy Kamp | Złote Piaski (All Inclusive | 10 dni),https://docs.google.com/spreadsheets/d/1cwIoDqulTN-fivxLVH7kkOyChZ-Dlids0_SoMStuPu8/edit#gid=1626993402,"47 981,90 zł","27 290,30 zł","20 691,60 zł","0,00 zł","0,00 zł","2329,53","49 897,00 zł","0,00 zł",,23,,,,,,,,,,,,,,
SYY10,2018-09-04,0,MM,(ID1261) Hiszpania | Lloret de Mar (HB | 10 dni),https://docs.google.com/spreadsheets/d/1mrluCtNuEAe6WiDIHPt9yIysAQfAVW8CBgkO2tw7osA/edit#gid=2121134962,"0,00 zł","0,00 zł","0,00 zł","0,00 zł","0,00 zł","3841,58","0,00 zł","0,00 zł",45,44,,HISZPANIA,10,1599,1499,1,0,0,0,1,LATO,3,0,1
SAS10,2018-09-05,0,IG,(ID1283) Albania | Shëngjin + Ohrid (BB | 12 dni),,"0,00 zł","0,00 zł","0,00 zł","0,00 zł","0,00 zł",0,"0,00 zł","0,00 zł",,0,,,,,,,,,,,,,,
SBU11,2018-09-05,1,MM,(ID1255) Czarnogóra | Budva + Dubrovnik (BB | 10 dni),https://docs.google.com/spreadsheets/d/1G3AdbRtMURmrMnNRby4Kpa8x3UXWCh6StT2DN889uCU/edit#gid=1626993402,"39 852,55 zł","8 930,60 zł","19 264,00 zł","1 533,35 zł","10 124,60 zł","2642,86","31 004,00 zł","6 859,20 zł",50,48,,CZARNOGÓRA,10,999,899,1,0,0,0,1,LATO,0,0,1
SNU11,2018-09-05,0,IG,(ID1289) Bośnia | Neum + Dubrownik (HB | 10 dni) NOWOŚĆ!,,"0,00 zł","0,00 zł","0,00 zł","0,00 zł","0,00 zł",0,"0,00 zł","0,00 zł",,0,,,,,,,,,,,,,,
SSE11,2018-09-05,1,IG,(ID1262) Albania | Shëngjin (All Inclusive Light | 10 dni),https://docs.google.com/spreadsheets/d/1FQ3lCfW74DwvJBE7pdGYiMXLHZLpKwP-IqHN9qzf2AY/edit#gid=6636515,"33 547,30 zł","8 472,00 zł","19 414,50 zł","1 120,00 zł","4 540,80 zł","3378,14","32 046,05 zł","13 570,48 zł",40,48,,ALBANIA,10,1249,1149,1,0,0,0,1,LATO,4,0,1
SVV14,2018-09-05,1,MM,(ID1290) Grecja | Korfu | Kavos #Samolot,https://docs.google.com/spreadsheets/d/1xqSJZsQSTtem_dZdmXlZ4_x5k4744KYxO92G0DhprrI/edit#gid=561501142,"24 479,57 zł","15 782,82 zł","6 514,50 zł","1 612,00 zł","570,25 zł","1505,89","30 638,00 zł","1 122,00 zł",20,20,,GRECJA ,8,1699,1499,1,0,1,0,0,LATO,3,0,1
SBB10,2018-09-06,1,MM,(ID1292) Czarnogóra | Budva #Samolot,https://docs.google.com/spreadsheets/d/1S1gPOsto5z_-lwEUQqkGoUOfcR0SYlMCnsRp3P0A8JE/edit#gid=1805198381,"34 924,84 zł","11 432,24 zł","14 869,40 zł","1 092,00 zł","7 531,20 zł","2011,35","34 556,00 zł","2 593,00 zł",20,20,,CZAROGÓRA,8,1899,1699,1,0,1,0,0,LATO,3,0,1
SBL08,2018-09-06,0,MM,(ID1272) BalticTRIP | Skandynawia + Sankt Petersburg | 5 miejscówek,,"0,00 zł","0,00 zł","0,00 zł","0,00 zł","0,00 zł","2538,8","0,00 zł","0,00 zł",40,44,,SZWECJA,6,799,599,0,1,0,1,1,LATO,0,0,1
SHL02,2018-09-06,0,MM,(ID1301) Hiszpania | Majorka + Barcelona (HB | 11 dni),,"0,00 zł","0,00 zł","0,00 zł","0,00 zł","0,00 zł",0,"0,00 zł","0,00 zł",,0,,,,,,,,,,,,,,
SLS09,2018-09-06,0,MM,(ID1287) Hiszpania | Lloret de Mar #Samolot,,"0,00 zł","0,00 zł","0,00 zł","0,00 zł","0,00 zł",0,"0,00 zł","0,00 zł",20,0,,HISZPANIA,8,2499,2399,1,0,1,0,0,LATO,3,0,1
SSA10,2018-09-06,1,IG,(ID1273) Albania | Shëngjin (All Inclusive Light) | #Samolot,https://docs.google.com/spreadsheets/d/116pjE41WwJifq1h2gRRzt1JSXDBe9ZRXhAvaScgDhfg/edit#gid=2001672670,"31 203,20 zł","15 069,60 zł","15 652,00 zł","0,00 zł","481,60 zł","2041,93","18 307,00 zł","633,60 zł",20,20,,ALBANIA,8,2199,1999,1,0,1,0,0,LATO,4,0,1
SBT08,2018-09-07,1,IG,(ID1266) BałkanTRIP | 9 miejscówek,https://docs.google.com/spreadsheets/d/1pEZyZOeUdTQV5gEgEeUSM59INjrVLFiqKMRR7AYE8Z0/edit#gid=298713015,"53 278,70 zł","18 027,00 zł","27 231,90 zł","2 640,00 zł","5 379,80 zł","3930,07","46 620,80 zł","18 400,80 zł",47,48,,MACEDONIA,10,1349,1199,0,1,0,0,1,LATO,3,0,1
SBZ12,2018-09-07,1,ŁR,(ID1267) Bułgaria | Złote Piaski (All Inclusive | 10 dni),https://docs.google.com/spreadsheets/d/1A1LZFRn3lQEaplhVTT8_tYRraqgMXg1YAihCOhgHy58/edit#gid=391333091,"188 276,70 zł","43 419,60 zł","141 500,10 zł","3 185,00 zł","172,00 zł",0,"177 276,11 zł","0,00 zł",300,0,,Bułgaria,10,1099,799,1,0,0,0,1,Lato,3,,1
SCH09,2018-09-07,1,IG,(ID1257) Chorwacja | Makarska (12 dni),https://docs.google.com/spreadsheets/d/10hR0Xf13yTY_Bl2iWIBYv8YzD2xYJ-qpcfY99p-1KEc/edit#gid=999758636,"70 877,74 zł","17 404,80 zł","30 947,10 zł","2 016,00 zł","20 509,84 zł","2482,38","63 118,00 zł","21 597,40 zł",60,51,,CHORWACJA,12,999,899,1,0,0,0,1,LATO,0,0,1
SCN08,2018-09-07,0,ŁR,(ID1313) Francja | Cannes (10 dni),,"0,00 zł","0,00 zł","0,00 zł","0,00 zł","0,00 zł",0,"0,00 zł","0,00 zł",,0,,,,,,,,,,,,,,
SGK11,2018-09-07,1,MM,(ID1256) Grecja | Wyspa Korfu | Kavos (10 dni),https://docs.google.com/spreadsheets/d/1OPNWg-dq3-IzSvgR2szOPiCEfW9Wjz4W5gxfZdqqIt8/edit#gid=2121134962,"34 580,51 zł","18 330,41 zł","14 521,10 zł","1 729,00 zł","0,00 zł","2834,6","31 622,60 zł","347,60 zł",60,0,,GRECJA,10,899,799,1,0,0,0,1,LATO,0,0,1
SLW11,2018-09-07,0,,(ID1337) Lucky Holidays! | Niespodzianka (7 - 15 dni),,"0,00 zł","0,00 zł","0,00 zł","0,00 zł","0,00 zł",0,"0,00 zł","0,00 zł",,0,,,,,,,,,,,,,,
SST02,2018-09-07,0,IG,(ID1264) Włochy | Sardynia | San Teodoro (10 dni),,"0,00 zł","0,00 zł","0,00 zł","0,00 zł","0,00 zł",0,"0,00 zł","0,00 zł",,0,,,,,,,,,,,,,,
THT02,2018-09-07,1,ŁR,(ID1340) Tajlandia | ThaiTrip! #Samolot | 15 dni,https://docs.google.com/spreadsheets/d/1kROf7dtZDwcA5kxPBrQOnA7jHjft0lr9KRim9bjAdTA/edit#gid=853016742,"219 094,73 zł","174 548,15 zł","18 636,32 zł","3 899,35 zł","22 010,91 zł",0,"147 710,00 zł","31 864,15 zł",40,0,,Tajlandia,15,4999,4399,0,1,1,0,0,Lato,3,,1
SMZ02,2018-09-08,1,MM,(ID1294) Malta | St Julian #Samolot,https://docs.google.com/spreadsheets/d/11SgsUVDNH_zlL0LNFxm1-PhaqJQl_00dd6riBMHfbVs/edit#gid=279417849,"30 962,00 zł","12 298,00 zł","17 200,00 zł","1 464,00 zł","0,00 zł","2125,09","24 957,00 zł","3 135,00 zł",20,0,,MALTA,8,1999,1799,1,0,1,0,0,LATO,0,0,1
SPO11,2018-09-08,1,MM,(ID1270) EuroTRIP | Portugalia | 6 miejscówek,https://docs.google.com/spreadsheets/d/1BJEY54DD17VBRmVqen3r_Umq9Jirs7-z9GAKiy0a7ws/edit#gid=1626993402,"91 498,26 zł","30 458,04 zł","46 337,92 zł","3 600,00 zł","11 102,30 zł","5442,91","61 173,24 zł","29 256,92 zł",43,43,,PORTUGALIA,15,1699,1599,0,1,0,0,1,LATO,3,0,1
SRI09,2018-09-08,1,ŁR,(ID1258) Włochy | Rimini + Wenecja (HB | 10 dni),https://docs.google.com/spreadsheets/d/1o0hKe1KuI54aJN4-yn9ZnhP4dFi4J_ZbJ1A8THZ443o/edit#gid=1626993402,"54 942,53 zł","11 623,88 zł","26 999,70 zł","2 042,95 zł","14 276,00 zł",0,"41 708,88 zł","17 006,00 zł",40,0,,Włochy,10,1199,899,1,,,,1,Lato,3,,1
SFL08,2018-09-09,1,ŁR,(ID1306) Włochy | Rimini (HB) | #Samolot,https://docs.google.com/spreadsheets/d/1ChVutisQIqRxc2ofMaRzDtla06RaAcKkZ8wZiymPIJg/edit#gid=2121134962,"10 877,09 zł","0,00 zł","0,00 zł","0,00 zł","10 877,09 zł",0,"0,00 zł","6 177,60 zł",10,0,,Włochy,7,1999,1699,1,,1,,,Lato,3,,1
SIT04,2018-09-09,0,ŁR,(ID1259) ItalianTRIP | Sycylia | 6 miejscówek,,"0,00 zł","0,00 zł","0,00 zł","0,00 zł","0,00 zł",0,"0,00 zł","0,00 zł",,0,,Włochy,15,,,,,,,,,,,
ASB11,2018-09-10,1,ŁR,(ID1269) Bułgaria | Złote Piaski | (All inclusive) #Samolot | Royal & Vladislav,,"36 120,00 zł","36 120,00 zł","0,00 zł","0,00 zł","0,00 zł",0,"0,00 zł","0,00 zł",60,0,,Bulgaria,7,1999,1699,1,0,1,0,0,Lato,3,0,1
SBM04,2018-09-10,0,MM,(ID1298) BalticTRIP | Skandynawia | 5 miejscówek,,"0,00 zł","0,00 zł","0,00 zł","0,00 zł","0,00 zł","2786,58","0,00 zł","0,00 zł",45,44,,SZWECJA,7,699,599,0,1,0,1,1,LATO,0,1,0
SGR11,2018-09-10,1,ŁR,(ID1291) Grecja | Kokkino Nero | 12 dni,https://docs.google.com/spreadsheets/d/1Itp3gsbuKTQI4A3msgFXcjStTyQnDa1oOevQxp-kao8/edit#gid=2121134962,"85 828,07 zł","33 423,67 zł","31 596,40 zł","5 672,00 zł","15 136,00 zł","2218,22","12 603,00 zł","506,00 zł",40,52,,Grecja,12,899,599,1,0,0,0,1,Lato,0,,1
ASP13,2018-09-11,1,ŁR,(ID1268) Bułgaria | Złote Piaski | (All inclusive) #Samolot | Gladiola,https://docs.google.com/spreadsheets/d/1NweUBGI98lOoydGVuQWoGlxL-rzhWO-apDFTMdCeyoA/edit#gid=2121134962,"1 140,00 zł","0,00 zł","0,00 zł","1 140,00 zł","0,00 zł","3412,74","0,00 zł","4 501,20 zł",40,0,,Bułgaria,7,2099,1799,1,,1,0,0,Lato,3,,1
SYY11,2018-09-11,0,MM,(ID1261) Hiszpania | Lloret de Mar (HB | 10 dni),,"0,00 zł","0,00 zł","0,00 zł","0,00 zł","0,00 zł","3841,58","0,00 zł","0,00 zł",45,44,,HISZPANIA,10,1599,1499,1,0,0,0,1,LATO,3,0,1
SAS11,2018-09-12,0,IG,(ID1283) Albania | Shëngjin + Ohrid (BB | 12 dni),,"0,00 zł","0,00 zł","0,00 zł","0,00 zł","0,00 zł",0,"0,00 zł","0,00 zł",,0,,,,,,,,,,,,,,
SBU12,2018-09-12,1,MM,(ID1255) Czarnogóra | Budva + Dubrovnik (BB | 10 dni),https://docs.google.com/spreadsheets/d/1G3AdbRtMURmrMnNRby4Kpa8x3UXWCh6StT2DN889uCU/edit#gid=1626993402,"42 837,85 zł","11 771,50 zł","19 264,00 zł","1 924,65 zł","9 877,70 zł","2690,02","41 433,80 zł","8 026,00 zł",50,48,,CZARNOGÓRA,10,899,999,1,0,0,0,1,LATO,0,0,1
SNU12,2018-09-12,0,IG,(ID1289) Bośnia | Neum + Dubrownik (HB | 10 dni) NOWOŚĆ!,,"0,00 zł","0,00 zł","0,00 zł","0,00 zł","0,00 zł",0,"0,00 zł","0,00 zł",,0,,,,,,,,,,,,,,
SSE12,2018-09-12,1,IG,(ID1262) Albania | Shëngjin (All Inclusive Light | 10 dni),https://docs.google.com/spreadsheets/d/1FQ3lCfW74DwvJBE7pdGYiMXLHZLpKwP-IqHN9qzf2AY/edit#gid=1948582377,"21 668,10 zł","559,00 zł","19 294,10 zł","1 729,00 zł","86,00 zł","2477,47","28 191,00 zł","2 107,60 zł",40,48,,ALBANIA,10,1249,1149,1,0,0,0,1,LATO,4,0,1
SVV15,2018-09-12,1,MM,(ID1290) Grecja | Korfu | Kavos #Samolot,https://docs.google.com/spreadsheets/d/1xqSJZsQSTtem_dZdmXlZ4_x5k4744KYxO92G0DhprrI/edit#gid=561501142,"24 479,57 zł","15 782,82 zł","6 514,50 zł","1 612,00 zł","570,25 zł","1505,89","33 687,80 zł","1 430,00 zł",20,20,,GRECJA,8,1699,1499,1,0,1,0,0,LATO,3,0,1
SBB11,2018-09-13,1,MM,(ID1292) Czarnogóra | Budva #Samolot,https://docs.google.com/spreadsheets/d/1S1gPOsto5z_-lwEUQqkGoUOfcR0SYlMCnsRp3P0A8JE/edit#gid=1805198381,"29 986,64 zł","14 025,24 zł","14 869,40 zł","1 092,00 zł","0,00 zł","2011,35","21 861,00 zł","0,00 zł",20,20,,CZAROGÓRA,8,1899,1699,1,0,1,0,0,LATO,3,0,1
SHL03,2018-09-13,0,MM,(ID1301) Hiszpania | Majorka + Barcelona (HB | 11 dni),,"0,00 zł","0,00 zł","0,00 zł","0,00 zł","0,00 zł",0,"0,00 zł","0,00 zł",,0,,,,,,,,,,,,,,
SLS10,2018-09-13,0,MM,(ID1287) Hiszpania | Lloret de Mar #Samolot,,"0,00 zł","0,00 zł","0,00 zł","0,00 zł","0,00 zł",0,"0,00 zł","0,00 zł",20,0,,HISZPANIA,8,2499,2399,1,0,1,0,0,LATO,3,0,1
SSA11,2018-09-13,1,IG,(ID1273) Albania | Shëngjin (All Inclusive Light) | #Samolot,https://docs.google.com/spreadsheets/d/116pjE41WwJifq1h2gRRzt1JSXDBe9ZRXhAvaScgDhfg/edit#gid=141784172,"24 852,10 zł","14 588,00 zł","10 264,10 zł","0,00 zł","0,00 zł","2041,93","26 244,00 zł","0,00 zł",20,20,,ALBANIA,8,2199,1999,1,0,1,0,0,LATO,4,0,1
SBL09,2018-09-14,1,MM,(ID1272) BalticTRIP | Skandynawia + Sankt Petersburg | 5 miejscówek,https://docs.google.com/spreadsheets/d/1KckZ7G-meBrofFajgjcmIGIJ3nraH84RenwoGyQ5-mk/edit#gid=216519208,"47 554,31 zł","7 801,20 zł","28 711,10 zł","2 052,00 zł","8 990,01 zł","2476,86","0,00 zł","0,00 zł",40,39,,SZWECJA,6,799,599,0,1,0,1,1,LATO,0,0,1
SBZ13,2018-09-14,,ŁR,(ID1267) Bułgaria | Złote Piaski (All Inclusive | 10 dni),,"0,00 zł","0,00 zł","0,00 zł","0,00 zł","0,00 zł",0,"0,00 zł","0,00 zł",300,0,,Bułgaria,10,1099,799,1,0,0,0,1,Lato,3,,1
SCN09,2018-09-14,0,ŁR,(ID1313) Francja | Cannes (10 dni),,"0,00 zł","0,00 zł","0,00 zł","0,00 zł","0,00 zł",0,"0,00 zł","0,00 zł",,0,,,,,,,,,,,,,,
SCP01,2018-09-14,1,AK,(ID1304) Student CAMP | Złote Piaski (All Inclusive | 10 dni),https://docs.google.com/spreadsheets/d/1WjrhkWc4FYX1yza28bPRLSMUGO4pu-yRg0aa0b0ncEg/edit#gid=1626993402,"459 273,34 zł","102 626,38 zł","221 813,35 zł","14 717,75 zł","120 115,86 zł","22092,52","419 213,90 zł","15 650,80 zł",800,363,,Bulgaria,10,999,699,1,0,0,0,1,Lato,3,0,1
SGK12,2018-09-14,1,MM,(ID1256) Grecja | Wyspa Korfu | Kavos (10 dni),https://docs.google.com/spreadsheets/d/1OPNWg-dq3-IzSvgR2szOPiCEfW9Wjz4W5gxfZdqqIt8/edit#gid=2121134962,"49 140,76 zł","18 386,56 zł","11 691,70 zł","2 397,85 zł","16 664,65 zł","2834,6","36 925,00 zł","20 674,76 zł",60,0,,GRECJA,10,799,699,1,0,0,0,1,LATO,0,0,1
SLW12,2018-09-14,0,NN,(ID1337) Lucky Holidays! | Niespodzianka (7 - 15 dni),,"0,00 zł","0,00 zł","0,00 zł","0,00 zł","0,00 zł",0,"0,00 zł","0,00 zł",,0,,,,,,,,,,,,,,
SST03,2018-09-14,0,ŁR,(ID1264) Włochy | Sardynia | San Teodoro (10 dni),,"0,00 zł","0,00 zł","0,00 zł","0,00 zł","0,00 zł",0,"0,00 zł","0,00 zł",,0,,,,,,,,,,,,,,
STR01,2018-09-14,0,ŁR,(ID1302) Turcja | Stambuł | Sofia + Belgrad,,"0,00 zł","0,00 zł","0,00 zł","0,00 zł","0,00 zł",0,"0,00 zł","0,00 zł",,0,,,,,,,,,,,,,,
THT03,2018-09-14,1,ŁR,(ID1340) Tajlandia | ThaiTrip! #Samolot | 15 dni,https://docs.google.com/spreadsheets/d/1kROf7dtZDwcA5kxPBrQOnA7jHjft0lr9KRim9bjAdTA/edit#gid=501749600,"69 685,85 zł","47 007,88 zł","9 727,49 zł","3 690,00 zł","9 260,48 zł",0,"50 453,00 zł","10 023,20 zł",20,0,,Tajlandia,15,4999,4399,0,1,1,0,0,Lato,3,,1
SEP01,2018-09-15,1,MM,(ID1295) EuroTRIP | Portugalia | Peniche | 6 miejscówek,https://docs.google.com/spreadsheets/d/19CuQ_ayV4Lytiuigx7teLqiDQzD2Mxc0LyT-tnForzM/edit?usp=drive_web&ouid=106349437428520267995,"46 150,39 zł","32 103,00 zł","7 977,58 zł","3 832,95 zł","2 236,86 zł","3557,91","0,00 zł","24 783,00 zł",45,43,,PORTUGALIA,12,1499,1299,0,1,0,0,1,LATO,0,0,1
SMR01,2018-09-15,1,IG,(ID1307) Maroko (BB | 8 dni) #Samolot,https://docs.google.com/spreadsheets/d/1UzVyMikmjjehHi0JF-ECuJ1mUk5DaJNeGshK6ghkHX0/edit#gid=1626993402,"49 342,46 zł","20 554,80 zł","14 718,90 zł","1 356,00 zł","12 712,76 zł","2686,56","39 977,00 zł","7 920,00 zł",19,20,,MAROKO,8,2299,2099,1,0,1,0,1,LATO,3,0,1
SMZ03,2018-09-15,1,MM,(ID1294) Malta | St Julian #Samolot,https://docs.google.com/spreadsheets/d/11SgsUVDNH_zlL0LNFxm1-PhaqJQl_00dd6riBMHfbVs/edit#gid=279417849,"34 439,95 zł","12 298,00 zł","20 554,00 zł","1 587,95 zł","0,00 zł","2125,09","25 218,10 zł","2 835,80 zł",20,0,,MALTA,8,1999,1799,1,0,1,0,0,LATO,0,0,1
SPO12,2018-09-15,1,MM,(ID1270) EuroTRIP | Portugalia | 6 miejscówek,https://docs.google.com/spreadsheets/d/1BJEY54DD17VBRmVqen3r_Umq9Jirs7-z9GAKiy0a7ws/edit#gid=1626993402,"97 625,72 zł","33 492,90 zł","59 260,02 zł","3 600,00 zł","1 272,80 zł","5442,91","70 220,00 zł","18 480,00 zł",43,43,,PORTUGALIA,15,1699,1599,0,1,0,0,1,LATO,3,0,1
SRI10,2018-09-15,1,ŁR,(ID1258) Włochy | Rimini + Wenecja (HB | 10 dni),https://docs.google.com/spreadsheets/d/1o0hKe1KuI54aJN4-yn9ZnhP4dFi4J_ZbJ1A8THZ443o/edit#gid=1626993402,"52 475,25 zł","22 478,00 zł","27 954,30 zł","2 042,95 zł","0,00 zł",0,"38 900,00 zł","0,00 zł",40,0,,Włochy,10,1099,899,1,,,,1,Lato,3,,1
SCH10,2018-09-16,1,IG,(ID1257) Chorwacja | Makarska (12 dni),https://docs.google.com/spreadsheets/d/10hR0Xf13yTY_Bl2iWIBYv8YzD2xYJ-qpcfY99p-1KEc/edit#gid=696364933,"47 785,45 zł","21 856,70 zł","23 890,80 zł","1 951,95 zł","86,00 zł","2482,38","52 171,80 zł","0,00 zł",45,51,,CHORWACJA,12,999,899,1,0,0,0,1,LATO,0,0,1
SFL09,2018-09-16,-,ŁR,(ID1306) Włochy | Rimini (HB) | #Samolot,https://docs.google.com/spreadsheets/d/1ChVutisQIqRxc2ofMaRzDtla06RaAcKkZ8wZiymPIJg/edit#gid=2121134962,"11 165,56 zł","1 473,36 zł","9 692,20 zł","0,00 zł","0,00 zł",0,"21 077,00 zł","0,00 zł",10,0,,Włochy,7,1999,1699,1,,1,,,Lato,3,,1
SIT05,2018-09-16,1,ŁR,(ID1259) ItalianTRIP | Sycylia | 6 miejscówek,https://docs.google.com/spreadsheets/d/1ZJ6oBmZqrXRbbTVIswrSWUZPY5BVg2tRP1ajtd4gBWA/edit#gid=2121134962,"70 684,25 zł","18 135,26 zł","32 947,88 zł","2 989,35 zł","16 611,76 zł","4744,07","55 230,00 zł","21 868,00 zł",40,36,,Włochy,15,1699,1399,0,1,0,0,1,Lato,3,,1
ASP14,2018-09-17,1,ŁR,(ID1268) Bułgaria | Złote Piaski | (All inclusive) #Samolot | Gladiola,,"28 431,64 zł","27 291,64 zł","0,00 zł","1 140,00 zł","0,00 zł",0,"0,00 zł","0,00 zł",40,0,,Bułgaria,7,2099,1799,1,,1,0,0,Lato,3,,1
SBM05,2018-09-17,0,MM,(ID1298) BalticTRIP | Skandynawia | 5 miejscówek,,"0,00 zł","0,00 zł","0,00 zł","0,00 zł","0,00 zł","2786,58","0,00 zł","0,00 zł",45,44,,SZWECJA,7,699,599,0,1,0,1,1,LATO,0,1,0
SCP02,2018-09-17,1,ŁR,(ID1304) Student CAMP | Złote Piaski (All Inclusive | 10 dni),https://docs.google.com/spreadsheets/d/1WjrhkWc4FYX1yza28bPRLSMUGO4pu-yRg0aa0b0ncEg/edit#gid=853016742,"93 338,44 zł","32 004,44 zł","59 684,00 zł","0,00 zł","1 650,00 zł","13546,02","280 577,50 zł","0,00 zł",160,158,,Bułgaria,7,1599,1299,1,0,0,1,1,Lato,3,0,1
SYY12,2018-09-18,0,MM,(ID1261) Hiszpania | Lloret de Mar (HB | 10 dni),,"0,00 zł","0,00 zł","0,00 zł","0,00 zł","0,00 zł","3086,19","0,00 zł","0,00 zł",45,44,,HISZPANIA,10,1599,1499,1,0,0,0,1,LATO,3,0,1
SBU13,2018-09-19,1,MM,(ID1255) Czarnogóra | Budva + Dubrovnik (BB | 10 dni),https://docs.google.com/spreadsheets/d/1G3AdbRtMURmrMnNRby4Kpa8x3UXWCh6StT2DN889uCU/edit#gid=1626993402,"38 342,25 zł","4 450,50 zł","9 890,00 zł","1 847,30 zł","22 154,45 zł","2642,86","0,00 zł","21 595,20 zł",50,48,,CZARNOGÓRA,10,999,899,1,0,0,0,1,LATO,0,0,1
SGR12,2018-09-19,1,ŁR,(ID1291) Grecja | Kokkino Nero | 12 dni,https://docs.google.com/spreadsheets/d/1Itp3gsbuKTQI4A3msgFXcjStTyQnDa1oOevQxp-kao8/edit#gid=2121134962,"80 195,22 zł","12 534,72 zł","41 860,50 zł","0,00 zł","25 800,00 zł","2218,22","0,00 zł","0,00 zł",40,52,,Grecja,12,899,599,1,0,0,0,1,Lato,0,,1
SNU13,2018-09-19,0,IG,(ID1289) Bośnia | Neum + Dubrownik (HB | 10 dni) NOWOŚĆ!,,"0,00 zł","0,00 zł","0,00 zł","0,00 zł","0,00 zł",0,"0,00 zł","0,00 zł",,0,,,,,,,,,,,,,,
SSE13,2018-09-19,0,IG,(ID1262) Albania | Shëngjin (All Inclusive Light | 10 dni),,"0,00 zł","0,00 zł","0,00 zł","0,00 zł","0,00 zł","2477,47","0,00 zł","0,00 zł",0,48,,ALBANIA,10,,,1,0,0,0,1,LATO,4,0,1
SVV16,2018-09-19,1,MM,(ID1290) Grecja | Korfu | Kavos #Samolot,https://docs.google.com/spreadsheets/d/1xqSJZsQSTtem_dZdmXlZ4_x5k4744KYxO92G0DhprrI/edit#gid=561501142,"56 864,71 zł","48 146,46 zł","6 536,00 zł","1 612,00 zł","570,25 zł","1505,89","33 809,80 zł","906,40 zł",20,20,,GRECJA ,8,1699,1499,1,0,1,0,0,LATO,3,0,1
SBB12,2018-09-20,1,MM,(ID1292) Czarnogóra | Budva #Samolot,https://docs.google.com/spreadsheets/d/1S1gPOsto5z_-lwEUQqkGoUOfcR0SYlMCnsRp3P0A8JE/edit#gid=1805198381,"15 961,40 zł","0,00 zł","14 869,40 zł","1 092,00 zł","0,00 zł","2011,35","33 613,60 zł","0,00 zł",20,20,,CZAROGÓRA,8,1899,1699,1,0,1,0,0,LATO,3,0,1
SBL10,2018-09-20,1,MM,(ID1272) BalticTRIP | Skandynawia + Sankt Petersburg | 5 miejscówek,https://docs.google.com/spreadsheets/d/1KckZ7G-meBrofFajgjcmIGIJ3nraH84RenwoGyQ5-mk/edit#gid=495303029,"36 822,25 zł","7 744,00 zł","26 548,20 zł","2 143,05 zł","387,00 zł","2555,96","0,00 zł","23 276,00 zł",40,37,,SZWECJA,6,799,599,0,1,0,1,1,LATO,0,0,1
SHL04,2018-09-20,0,MM,(ID1301) Hiszpania | Majorka + Barcelona (HB | 11 dni),,"0,00 zł","0,00 zł","0,00 zł","0,00 zł","0,00 zł",0,"0,00 zł","0,00 zł",,0,,,,,,,,,,,,,,
SLS11,2018-09-20,0,GS,(ID1287) Hiszpania | Lloret de Mar #Samolot,,"0,00 zł","0,00 zł","0,00 zł","0,00 zł","0,00 zł",0,"0,00 zł","0,00 zł",20,0,,HISZPANIA,8,2399,2199,1,0,1,0,0,LATO,3,0,1
SSA12,2018-09-20,1,IG,(ID1273) Albania | Shëngjin (All Inclusive Light) | #Samolot,https://docs.google.com/spreadsheets/d/116pjE41WwJifq1h2gRRzt1JSXDBe9ZRXhAvaScgDhfg/edit#gid=1790647723,"44 664,20 zł","18 718,00 zł","22 553,50 zł","0,00 zł","3 392,70 zł","2041,93","35 801,00 zł","4 298,80 zł",20,20,,ALBANIA,8,2199,1999,1,0,1,0,0,LATO,4,0,1
SSF01,2018-09-20,1,GS,(ID1347) Summer Fest | Lloret de Mar (All Inclusive | 10 dni),https://docs.google.com/spreadsheets/d/1kMjd_-CaeVpk-tq1I83NcRhlodwuw5P8q3aDSKRZuPM/edit#gid=1626993402,"618 281,92 zł","199 966,33 zł","323 687,66 zł","12 279,30 zł","82 348,63 zł","30037,06","567 029,60 zł","73 720,02 zł",,382,,,,,,,,,,,,,,
THT04,2018-09-20,1,ŁR,(ID1340) Tajlandia | ThaiTrip! #Samolot | 15 dni,https://docs.google.com/spreadsheets/d/1kROf7dtZDwcA5kxPBrQOnA7jHjft0lr9KRim9bjAdTA/edit#gid=1718733183,"157 834,77 zł","105 675,19 zł","20 450,30 zł","4 630,35 zł","27 078,92 zł",0,"166 990,00 zł","36 796,26 zł",40,0,,Tajlandia,15,4999,4399,0,1,1,0,0,Lato,3,,1
SBT10,2018-09-21,1,IG,(ID1266) BałkanTRIP | 9 miejscówek,https://docs.google.com/spreadsheets/d/1pEZyZOeUdTQV5gEgEeUSM59INjrVLFiqKMRR7AYE8Z0/edit#gid=1931232874,"58 029,00 zł","17 930,00 zł","30 078,50 zł","2 388,00 zł","7 632,50 zł","3930,07","51 646,80 zł","19 140,00 zł",47,48,,MACEDONIA,10,1349,1199,0,1,0,0,1,LATO,3,0,1
SBZ14,2018-09-21,1,ŁR,(ID1267) Bułgaria | Złote Piaski (All Inclusive | 10 dni),https://docs.google.com/spreadsheets/d/1A1LZFRn3lQEaplhVTT8_tYRraqgMXg1YAihCOhgHy58/edit#gid=391333091,"48 487,80 zł","19 493,60 zł","23 342,55 zł","5 651,65 zł","0,00 zł",0,"99 402,60 zł","0,00 zł",800,0,,Bułgaria,10,1099,799,1,0,0,0,1,Lato,3,,1
SCN10,2018-09-21,0,ŁR,(ID1313) Francja | Cannes (10 dni),,"0,00 zł","0,00 zł","0,00 zł","0,00 zł","0,00 zł",0,"0,00 zł","0,00 zł",,0,,,,,,,,,,,,,,
SGK13,2018-09-21,1,MM,(ID1256) Grecja | Wyspa Korfu | Kavos (10 dni),https://docs.google.com/spreadsheets/d/1OPNWg-dq3-IzSvgR2szOPiCEfW9Wjz4W5gxfZdqqIt8/edit#gid=2121134962,"33 829,95 zł","19 568,60 zł","10 535,00 zł","1 533,35 zł","2 193,00 zł","2834,6","54 028,00 zł","9 367,60 zł",60,0,,GRECJA,10,699,599,1,0,0,0,1,LATO,0,0,1
SLW13,2018-09-21,0,IG,(ID1337) Lucky Holidays! | Niespodzianka (7 - 15 dni),,"0,00 zł","0,00 zł","0,00 zł","0,00 zł","0,00 zł",0,"0,00 zł","0,00 zł",,0,,,,,,,,,,,,,,
SST04,2018-09-21,0,ŁR,(ID1264) Włochy | Sardynia | San Teodoro (10 dni),,"0,00 zł","0,00 zł","0,00 zł","0,00 zł","0,00 zł",0,"0,00 zł","0,00 zł",,0,,,,,,,,,,,,,,
SMR02,2018-09-22,1,IG,(ID1307) Maroko (BB | 8 dni) #Samolot,https://docs.google.com/spreadsheets/d/1UzVyMikmjjehHi0JF-ECuJ1mUk5DaJNeGshK6ghkHX0/edit#gid=1659371025,"46 184,80 zł","20 247,60 zł","14 809,20 zł","1 356,00 zł","9 772,00 zł","2576,64","50 140,60 zł","8 360,00 zł",19,20,,MAROKO,8,2399,2099,1,0,1,0,1,LATO,3,0,1
SPO13,2018-09-22,0,MM,(ID1270) EuroTRIP | Portugalia | 6 miejscówek,,"0,00 zł","0,00 zł","0,00 zł","0,00 zł","0,00 zł","5442,91","0,00 zł","0,00 zł",43,43,,PORTUGALIA,15,1599,1499,0,1,0,0,1,LATO,3,0,1
SRI11,2018-09-22,0,ŁR,(ID1258) Włochy | Rimini + Wenecja (HB | 10 dni),,"0,00 zł","0,00 zł","0,00 zł","0,00 zł","0,00 zł",0,"0,00 zł","0,00 zł",40,0,,Włochy,10,999,799,1,,,,1,Lato,3,,1
SSF02,2018-09-22,1,GS,(ID1347) Summer Fest | Lloret de Mar (All Inclusive | 10 dni),https://docs.google.com/spreadsheets/d/1kMjd_-CaeVpk-tq1I83NcRhlodwuw5P8q3aDSKRZuPM/edit#gid=1626993402,"48 800,00 zł","48 800,00 zł","0,00 zł","0,00 zł","0,00 zł",0,"48 822,00 zł","0,00 zł",,0,,,,,,,,,,,,,,
SFL10,2018-09-23,0,ŁR,(ID1306) Włochy | Rimini (HB) | #Samolot,,"10 337,99 zł","1 605,89 zł","6 484,40 zł","2 247,70 zł","0,00 zł",0,"0,00 zł","0,00 zł",10,0,,Włochy,7,1999,1699,1,,1,,,Lato,3,,1
SBZ15,2018-09-24,1,ŁR,(ID1267) Bułgaria | Złote Piaski (All Inclusive | 10 dni),https://docs.google.com/spreadsheets/d/1A1LZFRn3lQEaplhVTT8_tYRraqgMXg1YAihCOhgHy58/edit#gid=391333091,"86 688,59 zł","79 204,44 zł","7 398,15 zł","0,00 zł","86,00 zł",0,"0,00 zł","0,00 zł",50,0,,Bułgaria,10,1099,799,1,0,0,0,1,Lato,3,,1
WAT01,2018-09-24,1,MS,ID1404 ADAPCIAK WAT,https://docs.google.com/spreadsheets/d/1bK4u3qXjkFCFcj21uq7oHt0mIMJdl0vPDFzOIhnQFNQ/edit#gid=1626993402,"26 065,55 zł","4 700,00 zł","20 000,00 zł","0,00 zł","1 365,55 zł",0,"37 159,20 zł","0,00 zł",90,66,,Polska,5,499,499,1,0,0,0,0,Lato,0,0,1
SXS01,2018-09-24,0,BOK,ID1377 SunEvent I Włochy I Toskania ,https://docs.google.com/spreadsheets/d/1AaQCSWc37Lm34-xnnhwrtCOM9wAGc800qThqT68X-hM/edit#gid=1626993402,"27 570,70 zł","12 912,00 zł","14 658,70 zł","0,00 zł","0,00 zł",0,"0,00 zł","0,00 zł",,0,,,,,,,,,,,,,,
SXE01,2018-09-24,0,BOK,ID1379 SunEvent I Chorwacja I Novalija ,https://docs.google.com/spreadsheets/d/1-bJynGb4Ju058vGcfcEnwQBUQWox_P7-1EfFita3tt4/edit#gid=1626993402,"8 780,00 zł","0,00 zł","8 780,00 zł","0,00 zł","0,00 zł",0,"0,00 zł","0,00 zł",,0,,,,,,,,,,,,,,
SBK,2018-09-24,0,BOK,ID1296 Polska I Kite & Wake Camp I Półwysep Helski,https://docs.google.com/spreadsheets/d/1XbuWfXYO_onshqWhIKr3gnrcbxJil0X0AVO-szxIbj4/edit#gid=545959549,"0,00 zł","0,00 zł","0,00 zł","0,00 zł","0,00 zł",0,"0,00 zł","0,00 zł",,0,,,,,,,,,,,,,,
,,,,,,,,,,,,,,,,,,,,,,,,,,,,,1
,,,,,,,,,,,,,,,,,,,,,,,,,,,,,1
,,,,,,,,,,,,,,,,,,,,,,,,,,,,,
,,,,,,,,,,,,,,,,,,,,,,,,,,,,,
,,,,,,,,,,,,,,,,,,,,,,,,,,,,,
,,,,,,koszta,,,,,,wpływ,all,,,,,,,,,,,,,,,,
,,,,,,,,,,,,,,,,,,,,,,,,,,,,,
,,,,,,,,,,,,,,,,,,,,,,,,,,,,,
,,,,,,"13 848 117,05 zł",,,,,,"12 760 623,33 zł",,,,,,,,,,,,,,,,,
,,,,,,,,,,,,"2 168 210,08 zł",,,,,,,,,,,,,,,,,
,,,,,,,,,,,,"14 928 833,41 zł",,,,,,,,,,,,,,,,,
,,,,,,,,,,,,"1 080 716,36 zł",,,,,,,,,,,,,,,,,